"id","snp","hg38","hg19","hg18","hg17","gene","raf","riskAllele","pValue","oddsRatio","lowerCI","upperCI","study","studyID"
"1","rs987525","8:128933908","8:129946154","8:130015336","8:130015336","CCDC26:0|LINC00824:369229|AC103833.2:307320|LINC00976:18971",NA,"A",4e-16,1.78,"1.55","2.05","Beaty TH 2010","GCST000673"
"2","rs987525","8:128933908","8:129946154","8:130015336","8:130015336","CCDC26:0|LINC00824:369229|AC103833.2:307320|LINC00976:18971",NA,"A",3e-24,2.57,"2.02","3.26","Birnbaum S 2009","GCST000353"
"3","rs10514487","16:80153477","16:80187374","16:78744875","16:78744875","AC092130.1:107732|AC022166.1:0|LOC105371357:0|LOC102724084:2481|LOC105371358:43902|AC105411.1:1502|AC022166.2:25652",0.073,"T",2e-06,1.309,NA,NA,"Huang L 2019","GCST009357"
"4","rs116910459","4:184522473","4:185443627","4:185680621","4:185818776","AC099343.1:36702|LOC100129245:36420|AC099343.4:45169|IRF2:47893|LINC02427:0|LINC02365:61620|AC099343.3:49864|IRF2:47923|AC099343.5:32180|AC099343.2:90424",0.104,"C",4e-08,1.32,NA,NA,"Huang L 2019","GCST009357"
"5","rs12405750","1:209804499","1:209977844","1:208044467","1:206366239","ADORA2BP1:58823|C1orf74:19940|TRAF3IP3:22179|HSD11B1-AS1:80374|HSD11B1:69549|HSD11B1:69550|SYT14:96424|TRAF3IP3:22176|UTP25:23473|LOC101930114:61937|IRF6:0|DIEXF:23473|ADORA2BP1:59285",0.588,"C",8e-49,1.8083184,NA,NA,"Huang L 2019","GCST009357"
"6","rs17820943","20:40639876","20:39268516","20:38701930","20:38701930","AL009050.1:513519|LOC107985435:42491|MAFB:45972|AL035665.2:77381|LOC101927098:56623|LOC102724968:0|SNORD154:74696|AL035665.1:56623|LOC105372620:37356",0.544,"C",2e-17,1.4245013,NA,NA,"Huang L 2019","GCST009357"
"7","rs2236262","14:68794755","14:69261472","14:68331225","14:68331225","MAGOH3P:66970|RAD51B:64537|ZFP36L1:0|ACTN1:79388|LOC107984709:13792|MAGOH3P:67007|LOC107984647:45023|BLZF2P:73102|LOC105370547:57761|RNU6-921P:58727|ACTN1:79368|BLZF2P:71904|AL132986.1:58077|AL133313.1:99021|HMGN1P3:93030|HMGN1P3:92227",0.7424,"G",6e-06,1.2674271,NA,NA,"Huang L 2019","GCST009357"
"8","rs448083","19:54281065","19:54784921","19:59476733","19:59476733","LILRB2:0|RNU6-1307P:17012|LILRA5:26005|LOC107985279:46182|LOC100420187:11824|VN1R104P:39169|LAIR1:70319|AC245884.2:20693|MIR4752:1044|LILRB5:23764|AC245884.11:27850|AC245052.2:71647|AC245052.7:56184|LILRB3:57978|AC245884.5:12984|AC245884.6:47207|TSEN34:86529|AC245052.3:50852|AC245052.1:81094|AC245052.6:33743|LILRA4:52120|LILRB3:57559|AC245052.5:12020|RPS9:73418|VN1R104P:39139|MBOAT7:91183|LILRB5:23773|LOC100421130:50522|AC245884.12:15129|RPS9:32062|LILRA6:38274|AC245884.4:98424|AC245884.7:17040|LILRA6:38275",0.2304,"C",8e-06,1.355,NA,NA,"Huang L 2019","GCST009357"
"9","rs4752028","10:117075480","10:118834991","10:118824981","10:118824981","MIR3663HG:69084|VAX1:53041|AC023283.1:69064|SHTN1:0|MIR3663:92198|MIR3663HG:78041|ENO4:163677|VAX1:53040|AC012308.1:51629",0.334,"C",3e-10,1.328,NA,NA,"Huang L 2019","GCST009357"
"10","rs57700751","11:88621196","11:88354364","11:87994012","11:87994012","RNU6-16P:8285|GRM5:0|LOC107984363:492287|TYR:556679|GRM5-AS1:97142",0.068,"C",3e-08,1.4,NA,NA,"Huang L 2019","GCST009357"
"11","rs625882","5:177108030","5:176535031","5:176467637","5:176467637","ZNF346:26841|FGFR4:9886|NSD1:24995|UIMC1:85397|NSD1:23805|UIMC1:85390|ZNF346-IT1:55067",0.412,"T",2e-08,1.208,NA,NA,"Huang L 2019","GCST009357"
"12","rs72688980","4:156387152","4:157308304","4:157527754","4:157665909","LOC105377508:56551|FTH1P21:380164|AC096736.3:198827|LINC02272:235873",0.026,"G",1e-06,1.331,NA,NA,"Huang L 2019","GCST009357"
"13","rs730570","14:100676553","14:101142890","14:100212643","14:100212643","LOC105370669:32514|AL163974.1:87227|DLK1:50312|LOC105370668:10381|LINC00523:484|DLK1:49152|BEGAIN:89149|AL132711.1:0|LINC00523:3809|LOC105370667:11926|BEGAIN:89140",0.197,"A",3e-08,1.253,NA,NA,"Huang L 2019","GCST009357"
"14","rs7329196","13:26007063","13:26581201","13:25479201","13:25479201","RN7SL741P:62297|ATP8A2:0|LINC00415:45213|RNY1P3:56242|SHISA2:37534|LOC105370122:28411|ATP8A2P3:87661",0.15257,"C",3e-06,1.699,NA,NA,"Huang L 2019","GCST009357"
"15","rs7552","2:16552660","2:16733928","2:16597409","2:16655556","LINC01866:414014|LOC105373444:74080|FAM49A:0|CYRIA:0|AC104623.2:6965|AC104623.1:0|AC008164.1:175464",0.708,"G",6e-17,1.5576323,NA,NA,"Huang L 2019","GCST009357"
"16","rs765366","12:85699955","12:86093733","12:84617864","12:84596201","AC126471.1:131716|LOC105369876:125701|AC137768.1:81937|LOC100129589:81936",0.168,"G",4e-08,1.27,NA,NA,"Huang L 2019","GCST009357"
"17","rs7727165","5:173986033","5:173413036","5:173345642","5:173345642","LOC102724551:86937|AC113423.1:70027|NSG2:59673|AC113423.2:95473|CPEB4:24053|RPL12P22:53718|C5orf47:0|C5orf47:3132",0.046,"A",4e-06,1.362,NA,NA,"Huang L 2019","GCST009357"
"18","rs12543318","8:87856112","8:88868340","8:88937456","8:88937456","LOC100419762:11498|DCAF4L2:14635|SOX5P1:66424|AC005066.1:11489|SOX5P1:66402",NA,"C",2e-08,1.272,"1.106","1.463","Ludwig KU 2012","GCST001628"
"19","rs13041247","20:40640434","20:39269074","20:38702488","20:38702488","AL035665.1:56065|AL009050.1:514077|SNORD154:74138|MAFB:45414|AL035665.2:76823|LOC101927098:56065|LOC105372620:36798|LOC102724968:0|LOC107985435:43049",NA,"T",6e-09,1.19,"1.06","1.35","Ludwig KU 2012","GCST001628"
"20","rs1873147","15:63020433","15:63312632","15:61099685","15:61099685","AC087612.1:70652|TPM1:22199|TPM1-AS:25601|AC079328.1:66309|AC079328.2:49592|LOC107984798:93378|TPM1:22265|LOC100287243:65903",NA,"C",8e-07,1.431,"1.23","1.666","Ludwig KU 2012","GCST001628"
"21","rs227731","17:56695877","17:54773238","17:52128237","17:52128237","C17orf67:96036|NOG:100266",NA,"C",2e-08,1.228,"1.078","1.400","Ludwig KU 2012","GCST001628"
"22","rs560426","1:94087882","1:94553438","1:94326026","1:94265459","AC093579.1:57229|LOC105378858:56866|ARHGAP29:61106|ABCA4:0|RN7SL440P:62856|MTCO1P21:159580|ARHGAP29:81023|AL117351.1:152638",NA,"G",3e-12,1.42,"1.243","1.623","Ludwig KU 2012","GCST001628"
"23","rs7078160","10:117068049","10:118827560","10:118817550","10:118817550","MIR3663:99629|MIR3663HG:85472|SHTN1:0|ENO4:156246|VAX1:60472|AC012308.1:44198|MIR3663HG:76515|VAX1:60471|AC023283.1:61633",NA,"A",4e-11,1.383,"1.213","1.576","Ludwig KU 2012","GCST001628"
"24","rs742071","1:18653380","1:18979874","1:18852461","1:18725180","TAS1R2:186219|DYNLL1P3:139985|AL031737.1:57744|PAX7:0",NA,"T",7e-09,1.316,"1.126","1.537","Ludwig KU 2012","GCST001628"
"25","rs7590268","2:43312986","2:43540125","2:43393629","2:43451776","AC010883.3:89759|LINC01126:84131|ZFP36L2:86380|LOC107985877:79526|RNU6-958P:95321|THADA:0|AC010883.1:79592",NA,"G",1e-08,1.415,"1.225","1.636","Ludwig KU 2012","GCST001628"
"26","rs7632427","3:89485227","3:89534377","3:89617067","3:89617067","MTCO2P6:102659|EPHA3:3093|MTCO3P6:101608",NA,"T",4e-08,1.37,"1.20","1.55","Ludwig KU 2012","GCST001628"
"27","rs8001641","13:80118676","13:80692811","13:79590812","13:79590812","LOC101927238:81359|SPRY2:217300|LINC01080:90393|AL158064.1:44036|AL137781.1:0|LINC01080:92013|LOC105370275:0",NA,"A",9e-11,1.354,"1.141","1.607","Ludwig KU 2012","GCST001628"
"28","rs8001641","13:80118676","13:80692811","13:79590812","13:79590812","LOC101927238:81359|SPRY2:217300|LINC01080:90393|AL158064.1:44036|AL137781.1:0|LINC01080:92013|LOC105370275:0",NA,"A",3e-10,1.307,"1.13","1.511","Ludwig KU 2012","GCST001628"
"29","rs861020","1:209803766","1:209977111","1:208043734","1:206365506","ADORA2BP1:58090|HSD11B1:68816|TRAF3IP3:21443|IRF6:0|SYT14:97157|TRAF3IP3:21446|UTP25:24206|ADORA2BP1:58552|DIEXF:24206|HSD11B1-AS1:79641|LOC101930114:61204|C1orf74:19207|HSD11B1:68817",NA,"A",3e-12,1.443,"1.273","1.635","Ludwig KU 2012","GCST001628"
"30","rs987525","8:128933908","8:129946154","8:130015336","8:130015336","CCDC26:0|LINC00824:369229|AC103833.2:307320|LINC00976:18971",NA,"A",5e-35,1.919,"1.66","2.218","Ludwig KU 2012","GCST001628"
"31","rs1258763","15:32758222","15:33050423","15:30837715","15:30837715","LOC107984761:78743|FMN1:7322|GREM1:13116|SCG5:61124|AC090877.1:78761|ARHGAP11A-SCG5:61124|LOC100131315:39357|AC123768.1:85157|LOC105370756:66519|LOC105370757:85157|AC090877.2:39215|LOC107984089:26157",NA,"A",1e-06,1.52,"1.23","1.86","Mangold E 2009","GCST000547"
"32","rs17760296","17:56538256","17:54615617","17:51970616","17:51970616","NOG:55443|ANKFN1:21240|RPL39P33:34739|RPL39P33:34784|AC006600.2:64609|ANKFN1:26597|LOC112268194:0",NA,"G",7e-06,1.5,"1.32","1.69","Mangold E 2009","GCST000547"
"33","rs227731","17:56695877","17:54773238","17:52128237","17:52128237","C17orf67:96036|NOG:100266",NA,"C",1e-08,1.38,"1.21","1.56","Mangold E 2009","GCST000547"
"34","rs7078160","10:117068049","10:118827560","10:118817550","10:118817550","MIR3663:99629|MIR3663HG:85472|SHTN1:0|ENO4:156246|VAX1:60472|AC012308.1:44198|MIR3663HG:76515|VAX1:60471|AC023283.1:61633",NA,"A",2e-08,1.36,"1.21","1.53","Mangold E 2009","GCST000547"
"35","rs7590268","2:43312986","2:43540125","2:43393629","2:43451776","AC010883.3:89759|LINC01126:84131|ZFP36L2:86380|LOC107985877:79526|RNU6-958P:95321|THADA:0|AC010883.1:79592",NA,"G",9e-08,1.42,"1.26","1.59","Mangold E 2009","GCST000547"
"36","rs9574565","13:80094739","13:80668874","13:79566875","13:79566875","LINC01080:68076|AL137781.1:20994|AL158064.1:20099|LINC01080:66456|LOC105370275:20817",NA,"C",3e-07,1.31,"1.01","1.70","Mangold E 2009","GCST000547"
"37","rs13041247","20:40640434","20:39269074","20:38702488","20:38702488","AL035665.1:56065|AL009050.1:514077|SNORD154:74138|MAFB:45414|AL035665.2:76823|LOC101927098:56065|LOC105372620:36798|LOC102724968:0|LOC107985435:43049",NA,"T",2e-11,1.32,"1.20","1.41","Sun Y 2015","GCST002811"
"38","rs2235371","1:209790735","1:209964080","1:208030703","1:206352475","ADORA2BP1:45521|DIEXF:37237|UTP25:37237|C1orf74:6176|HSD11B1:55786|ADORA2BP1:45059|IRF6:0|TRAF3IP3:8415|TRAF3IP3:8412|LOC101930114:48173|HSD11B1:55785|HSD11B1-AS1:66610",NA,"C",9e-22,1.49,"1.37","1.61","Sun Y 2015","GCST002811"
"39","rs3815854","2:219804017","2:220668738","2:220376982","2:220494243","LINC01803:100034|LINC02832:66080|LOC105373887:58841|LOC105373886:66089|LOC105373888:9486|LINC01803:99883",NA,"A",3e-07,1.25,"1.15","1.35","Sun Y 2015","GCST002811"
"40","rs4791774","17:9028802","17:8932119","17:8872844","17:8872844","NTN1:0|LOC101928266:142266|AC005695.1:142266|AC002091.2:61732|PIK3R5:63090|CTB-41I6.1:60379|AC002091.1:51807",NA,"G",5e-19,1.56,"1.42","1.72","Sun Y 2015","GCST002811"
"41","rs7078160","10:117068049","10:118827560","10:118817550","10:118817550","MIR3663:99629|MIR3663HG:85472|SHTN1:0|ENO4:156246|VAX1:60472|AC012308.1:44198|MIR3663HG:76515|VAX1:60471|AC023283.1:61633",NA,"A",3e-10,1.29,"1.19","1.39","Sun Y 2015","GCST002811"
"42","rs8049367","16:3930444","16:3980445","16:3920446","16:3920446","ADCY9:22943|CREBBP:49731|LOC102724927:17165|CREBBP:49717|LINC02861:362|AC007151.1:89434",NA,"C",9e-12,1.35,"1.25","1.47","Sun Y 2015","GCST002811"
"43","rs10133673","14:37068147","14:37537352","14:36607103","14:36607103","MIR4503:115756|AL079304.1:28915|SLC25A21:0|SLC25A21-AS1:103879",0.24,"G",1e-06,1.17,NA,NA,"Yu Y 2017","GCST004166"
"44","rs1038294","3:99784884","3:99503728","3:100986418","3:100986418","CMSS1:32978|FILIP1L:48260|AC107029.2:147576|HP09053:31748|LOC105374007:186393|CMSS1:32953|AC069222.1:17815|COL8A1:0|FILIP1L:45257",0.83,"G",4e-07,1.2345679,NA,NA,"Yu Y 2017","GCST004166"
"45","rs10462065","5:44068744","5:44068846","5:44104603","5:44104603","RNU6-381P:2013|FGF10:231503",0.2,"A",1e-08,1.22,NA,NA,"Yu Y 2017","GCST004166"
"46","rs10512248","9:95497421","9:98259703","9:97299524","9:95339258","AL161729.4:16624|MT1P1:83906|FANCC:70625|PTCH1:0|AL161729.2:2042|AL161729.3:89759|LOC100507346:27402|LOC105376156:70586|MT1P1:83972|LOC105376157:25813|AL161729.1:8814",0.66,"A",5e-10,1.2195122,NA,NA,"Yu Y 2017","GCST004166"
"47","rs11066150","12:112080999","12:112518803","12:111003186","12:110981523","MIR6861:82259|AC073575.1:68361|SLC25A3P2:87124|NAA25:0|TRAFD1:44546|AC073575.2:11790|LOC724085:79931|SLC25A3P2:86759|ERP29:57550|AC073575.3:15244|AC073575.4:61569|TMEM116:67780|AC004024.1:80014|HECTD4:79196|MIR3657:43284|TMEM116:67814|HECTD4:79189|TRAFD1:44539",0.58,"G",3e-13,1.25,NA,NA,"Yu Y 2017","GCST004166"
"48","rs11582254","1:19691584","1:20018077","1:19890664","1:19763383","MINOS1:61763|HTR6:10618|MICOS10:61763|TMCO4:0|NBL1:33128|LOC105378614:94752|RNF186:122445|MICOS10-NBL1:34657|AL031727.1:83016|RPS14P3:82940|AL031727.2:94752|MINOS1-NBL1:33132",0.58,"G",9e-07,1.1627907,NA,NA,"Yu Y 2017","GCST004166"
"49","rs11774066","8:98443083","8:99455311","8:99524487","8:99524487","KCNS2:10230|STK3:0|RNU6-748P:19861|AP003355.2:3793|AP003355.1:29299|LOC100131849:29270|MIR9903:49345|AP003355.3:51569",0.38,"A",3e-07,1.16,NA,NA,"Yu Y 2017","GCST004166"
"50","rs12229654","12:110976657","12:111414461","12:109898844","12:109877181","AC002351.1:18837|LOC105369980:18839|LINC01405:39209|CUX2:57508|MYL2:55214|LINC01405:17564|CCDC63:69122|LOC105369981:35737|MYL2:56078",0.82,"A",1e-08,1.2658228,NA,NA,"Yu Y 2017","GCST004166"
"51","rs12229892","12:112485589","12:112923393","12:111407776","12:111386113","RPL6:66751|RPH3A:89647|PTPN11:0|RPL6:66739|RPH3A:84791",0.52,"G",2e-10,1.2048193,NA,NA,"Yu Y 2017","GCST004166"
"52","rs1243572","14:94913162","14:95379499","14:94449252","14:94449252","LOC107984639:29824|LINC02279:47115|LINC02279:49066|LOC107984693:56312|LOC107984646:54275|RPL15P2:111699|AL121612.1:5091",0.42,"G",4e-10,1.2,NA,NA,"Yu Y 2017","GCST004166"
"53","rs12543318","8:87856112","8:88868340","8:88937456","8:88937456","LOC100419762:11498|DCAF4L2:14635|SOX5P1:66424|AC005066.1:11489|SOX5P1:66402",0.62,"C",9e-12,1.2345679,NA,NA,"Yu Y 2017","GCST004166"
"54","rs12681366","8:94389037","8:95401265","8:95470441","8:95470441","FSBP:38679|RAD54B:0|VIRMA:98652|LOC107986896:80221|FSBP:0|RPS4XP10:35322|RPS4XP10:35384",0.51,"A",2e-10,1.2048193,NA,NA,"Yu Y 2017","GCST004166"
"55","rs13294988","9:116337594","9:119099873","9:118139694","9:116179427","LOC105376241:17798|PAPPA-AS1:60563|ASTN2:85518|PAPPA:0|ASTN2:87631|PAPPA-AS2:48825|AL137024.1:18905",0.43,"G",7e-06,1.14,NA,NA,"Yu Y 2017","GCST004166"
"56","rs13317","8:38411996","8:38269514","8:38388671","8:38388671","NSD3:29724|FGFR1:0|LETM2:2469|C8orf86:98838|RPS20P22:22352|RPS20P22:22351|AC087623.3:3254|AC087623.1:9893|LOC102723716:9478|AC087623.2:28535|AC087362.1:74445",0.66,"A",4e-08,1.1764705,NA,NA,"Yu Y 2017","GCST004166"
"57","rs1487022","8:99517598","8:100529826","8:100599002","8:100599002","VPS13B:0|RN7SL350P:96185|MIR875:19188|MIR599:19038|AP004289.1:169342|LOC100420057:169298|AC026827.1:10228",0.39,"A",8e-08,1.17,NA,NA,"Yu Y 2017","GCST004166"
"58","rs1688766","3:99929006","3:99647850","3:101130540","3:101130540","FILIP1L:0|CMSS1:0|LOC112268455:3827|LOC105374010:92006|LOC100506400:3116|MIR3921:35308|AC069222.1:122948",0.83,"G",5e-07,1.2345679,NA,NA,"Yu Y 2017","GCST004166"
"59","rs17227506","8:13601285","8:13458794","8:13503165","8:13503165","RNA5SP255:65150|AC022832.2:28359|DLC1:0|LOC100421023:16749|AC022880.2:94289|LOC102725080:28405|AC022832.1:16752|C8orf48:32997",0.56,"G",3e-06,1.1494253,NA,NA,"Yu Y 2017","GCST004166"
"60","rs1838105","17:46931569","17:45008935","17:42363934","17:42363934","RPRML:46587|LOC112268191:14865|MIR5089:41448|LOC101929777:98536|LRRC37A17P:85621|WNT3:98415|AC005670.2:0|LRRC37A17P:46912|AC005670.3:51718|WNT9B:44831|GOSR2:0|RNU6ATAC3P:10320|LOC101927060:51217|RNU6ATAC3P:10321|LINC01974:18770|LRRC37A2:0|AC005670.1:8535|LINC01974:20057|WNT9B:44839",0.39,"A",1e-11,1.22,NA,NA,"Yu Y 2017","GCST004166"
"61","rs1907989","4:4817198","4:4818925","4:4869826","4:4936997","LDHAP1:76426|LINC01396:27239|AC092437.1:3207|MSX1:42467|LDHAP1:76984|STX18-AS1:29839|LOC101928279:29824|LINC01396:26990",0.49,"G",2e-08,1.1764705,NA,NA,"Yu Y 2017","GCST004166"
"62","rs2006771","22:31602626","22:31998612","22:30328612","22:30323166","H2AZP6:81034|PRR14L:78721|MIR7109:18841|SFI1:0|AL096701.2:64037|H2AFZP6:80933|RPS18P14:42646|PISD:15865|PRR14L:73630|DRG1:71992|AL096701.1:42687",0.18,"A",3e-08,1.21,NA,NA,"Yu Y 2017","GCST004166"
"63","rs2064163","1:209875474","1:210048819","1:208115442","1:206437214","UTP25:17909|C1orf74:90915|TRAF3IP3:93154|IRF6:69299|SYT14:25449|SYT14:62691|TRAF3IP3:93151|DIEXF:17909",0.56,"C",9e-19,1.2987013,NA,NA,"Yu Y 2017","GCST004166"
"64","rs2073764","22:19811887","22:19799410","22:18179410","22:18173964","AC000078.1:75402|GNB1L:0|SEPT5:88568|SEPTIN5:87663|AC000093.1:87115|GP1BB:87116|SEPT5-GP1BB:87113|RTL10:34251|AC000089.1:18793|TXNRD2:63630|TBX1:28294|RPL8P5:75402|LOC105372861:72927|TXNRD2:63631|RTL10:34259|RPL7AP70:18733",0.96,"G",2e-07,1.5873016,NA,NA,"Yu Y 2017","GCST004166"
"65","rs227731","17:56695877","17:54773238","17:52128237","17:52128237","C17orf67:96036|NOG:100266",0.32,"C",9e-09,1.19,NA,NA,"Yu Y 2017","GCST004166"
"66","rs2283487","16:3919885","16:3969886","16:3909887","16:3909887","ADCY9:33502|LINC02861:10921|CREBBP:39158|CREBBP:39172|AC007151.1:78875|LOC102724927:27724",0.53,"A",1e-10,1.2048193,NA,NA,"Yu Y 2017","GCST004166"
"67","rs2289187","15:74452058","15:74744399","15:72531452","15:72531452","PPIAP46:87438|AC090826.1:80847|PPIAP46:90017|AC090826.3:20609|AC012435.2:26012|SEMA7A:18100|AC090826.2:76547|LOC102723714:46776|MIR6881:40626|UBL7:0|CYP11A1:84412|AC012435.1:38901|ARID3B:89119|LINC02255:61523|AC012435.3:37544|LINC02255:57302|UBL7-AS1:9207",0.48,"G",4e-11,1.21,NA,NA,"Yu Y 2017","GCST004166"
"68","rs2304269","12:71686492","12:72080272","12:70366539","12:70366539","RAB21:68371|TMEM19:0|AC078860.1:47009|LOC107984530:21973|AC078860.2:92088|LOC107984529:26124|THAP2:5848|AC011601.1:22679|ZFC3H1:18767|ZFC3H1:22644|AC073612.1:0",0.56,"A",1e-12,1.2345679,NA,NA,"Yu Y 2017","GCST004166"
"69","rs2872615","17:9011376","17:8914693","17:8855418","17:8855418","CTB-41I6.1:42953|PIK3R5:45664|NTN1:10134|AC002091.1:34381|AC002091.2:44306",0.52,"A",9e-12,1.2195122,NA,NA,"Yu Y 2017","GCST004166"
"70","rs287982","2:9832313","2:9972442","2:9889893","2:9923040","LOC100996549:53749|TAF1B:11130|TAF1B:11129|LOC105373421:24830|AC082651.2:85444|RNU4-73P:91530|AC082651.3:61972",0.73,"A",6e-09,1.2195122,NA,NA,"Yu Y 2017","GCST004166"
"71","rs3741442","12:52952966","12:53346750","12:51633017","12:51633017","KRT8:3106|RPL7P41:66557|TNS2:94014|AC068888.1:59918|KRT8:3012|LOC283335:90223|KRT18:60|RPL7P41:66581|AC068888.2:59138|EIF4B:53490|EIF4B:53192|MIR9898:53982|TNS2:94003",0.41,"G",4e-12,1.22,NA,NA,"Yu Y 2017","GCST004166"
"72","rs474558","10:97935437","10:99695194","10:99685184","10:99685184","LINC00866:85639|R3HCC1L:199187|GOLGA7B:63857|CRTAC1:0|GOLGA7B:63859|LOC107984260:94005|AL355301.1:140924|MIR3085:59540",0.2,"A",5e-06,1.17,NA,NA,"Yu Y 2017","GCST004166"
"73","rs4766453","12:111254320","12:111692124","12:110176507","12:110154844","LOC105369983:30907|MIR6760:49822|CUX2:0|RNA5SP373:85207|LINC01405:295227|LOC105369981:228622",0.47,"A",8e-06,1.14,NA,NA,"Yu Y 2017","GCST004166"
"74","rs481931","1:94104460","1:94570016","1:94342604","1:94282037","ABCA4:0|AL117351.1:169216|LOC105378858:40288|ARHGAP29:64445|ARHGAP29:44528|RN7SL440P:46278|AC093579.1:40651|MTCO1P21:176158",0.63,"C",1e-12,1.25,NA,NA,"Yu Y 2017","GCST004166"
"75","rs4839542","1:110612973","1:111155595","1:110957118","1:110867637","KCNA3:59492|LOC107985174:26981|KCNA3:40587|KCNA10:93798|KCNA2:0|AL365361.1:40587",0.14,"A",7e-06,1.2,NA,NA,"Yu Y 2017","GCST004166"
"76","rs5756130","22:36288285","22:36684331","22:35014277","22:35008831","APOL1:20754|APOL4:83452|MIR6819:1378|LOC112268296:15087|APOL2:48331|LOC105377199:99770|Z82215.1:47136|APOL1:20755|MYH9:0|APOL4:83445",0.11,"A",6e-06,1.21,NA,NA,"Yu Y 2017","GCST004166"
"77","rs5763674","22:29990369","22:30386358","22:28716358","22:28710912","AC003681.1:0|RNU6-331P:90676|HORMAD2:89700|CNN2P1:55707|HORMAD2-AS1:18377|HORMAD2-AS1:18373|HORMAD2:90095|MTMR3:0|MIR6818:16680|CNN2P1:55907|RNU5F-5P:79529",0.1,"G",1e-07,1.26,NA,NA,"Yu Y 2017","GCST004166"
"78","rs6126344","20:51790963","20:50407502","20:49840909","20:49840909","AL138807.1:55896|LINC01429:40834|ATP9A:22573|SALL4:0|LOC100419570:55899",0.59,"C",6e-08,1.1764705,NA,NA,"Yu Y 2017","GCST004166"
"79","rs6129653","20:40646963","20:39275603","20:38709017","20:38709017","MAFB:38885|AL035665.2:70294|AL035665.1:49536|LOC101927098:49536|LOC107985435:49578|SNORD154:67609|LOC102724968:2873|AL009050.1:520606|LOC105372620:30269",0.31,"A",9e-12,1.23,NA,NA,"Yu Y 2017","GCST004166"
"80","rs6495117","15:74607159","15:74899500","15:72686553","15:72686553","EDC3:23399|AC012435.3:90200|LOC102723714:94531|CLK3:0|AC100835.1:6035|AC100835.2:7762|ARID3B:9028|CLK3:1213|LOC102723750:0|UBL7-AS1:93523",0.48,"A",6e-11,1.2048193,NA,NA,"Yu Y 2017","GCST004166"
"81","rs6585429","10:117133720","10:118893231","10:118883221","10:118883221","SHTN1:7134|RPL12P26:62448|VAX1:0|MIR3663HG:10844|MIR3663:33958|KCNK18:63769|RPL12P26:62405|MIR3663HG:19801",0.56,"A",7e-13,1.2345679,NA,NA,"Yu Y 2017","GCST004166"
"82","rs6734545","2:219789274","2:220653996","2:220362240","2:220479501","RPL23P4:91060|LOC105373887:44098|LINC01803:114626|LOC105373886:51346|LOC105373888:2320|LINC02832:51337",0.18,"A",8e-07,1.2,NA,NA,"Yu Y 2017","GCST004166"
"83","rs7017252","8:128938598","8:129950844","8:130020026","8:130020026","LINC00976:14281|LINC00824:373919|CCDC26:0|AC103833.2:302630",0.05,"A",8e-16,1.6,NA,NA,"Yu Y 2017","GCST004166"
"84","rs705704","12:56041628","12:56435412","12:54721679","12:54721679","AC034102.3:0|PMEL:68311|AC034102.6:78405|SUOX:36103|RPL41:74962|RAB5B:44945|PA2G4:62931|DGKA:87605|LOC105369782:60930|ESYT1:76622|IKZF4:3193|LOC105369781:16537|PMEL:74916|ERBB3:35171|AC025162.1:74154|ZC3H10:76632|AC034102.4:62986|RPL41:75005|CDK2:68839|DGKA:87601|LOC105369780:0|PA2G4:62909|AC034102.2:59703|SUOX:34987|LOC100131294:60561|AC034102.1:60593|RPS26:0|RPS26:290|AC034102.8:31054|ERBB3:38480|AC034102.7:77340|ZC3H10:76638|ESYT1:86574",0.23,"A",1e-09,1.22,NA,NA,"Yu Y 2017","GCST004166"
"85","rs7148069","14:51372927","14:51839645","14:50909395","14:50909395","LINC02310:19201|AL358332.1:0|LOC105370495:27470|LINC00519:41009|LINC02310:19202|LINC00519:44542|LINC00640:7370|FRMD6-AS2:81585|SETP2:63223|SETP2:63111",0.19,"A",2e-08,1.22,NA,NA,"Yu Y 2017","GCST004166"
"86","rs742071","1:18653380","1:18979874","1:18852461","1:18725180","TAS1R2:186219|DYNLL1P3:139985|AL031737.1:57744|PAX7:0",0.04,"A",4e-07,1.4,NA,NA,"Yu Y 2017","GCST004166"
"87","rs7552","2:16552660","2:16733928","2:16597409","2:16655556","LINC01866:414014|LOC105373444:74080|FAM49A:0|CYRIA:0|AC104623.2:6965|AC104623.1:0|AC008164.1:175464",0.7,"G",6e-22,1.369863,NA,NA,"Yu Y 2017","GCST004166"
"88","rs7554547","1:11913831","1:11973888","1:11896475","1:11908154","CLCN6:70687|AL021155.2:69847|MFN2:66350|LOC390997:33073|RNU5E-4P:3904|NPPB:54886|KIAA2013:5760|NPPA:65486|PLOD1:20374|CLCN6:65752|AL021155.4:0|AL096840.3:65702|RNU5E-1:5560|RNU5E-1:5559|NPPA-AS1:66215|PLOD1:20886|NPPA:66048|SBF1P2:33425|AL021155.1:66282|AL021155.3:68134",0.48,"A",5e-07,1.1627907,NA,NA,"Yu Y 2017","GCST004166"
"89","rs7590255","2:37762936","2:37990079","2:37843583","2:37901730","LINC00211:57562|CDC42EP3:24468|LOC105374465:25313|AC010878.1:53979|LOC107985870:76957|LOC344382:53789|LOC107985869:0|CDC42EP3:89987|LINC00211:63311|AC006369.2:15890",0.02,"G",4e-06,1.56,NA,NA,"Yu Y 2017","GCST004166"
"90","rs7649443","3:197204950","3:196931821","3:198416218","3:198420131","DLG1-AS1:93297|MELTF:175133|MIR4797:88928|DLG1:0|DLG1-AS1:93302",0.73,"G",9e-06,1.1627907,NA,NA,"Yu Y 2017","GCST004166"
"91","rs7692299","4:123789429","4:124710584","4:124930034","4:125068189","LINC01091:0|AC096732.1:43756|AC093767.1:72431|RPL21P50:43203|LOC105377407:242680|RPL21P50:43162",0.06,"A",9e-07,1.32,NA,NA,"Yu Y 2017","GCST004166"
"92","rs77866552","2:232687954","2:233552664","2:233260908","2:233378169","EEF1B2P7:41569|RN7SL359P:37807|LOC105373929:77190|AC064852.1:72192|KCNJ13:77848|EFHD1:5174|EFHD1:5173|AC073254.1:75983|GIGYF2:9377|GIGYF2:9345|RN7SL359P:37818|RNU6-107P:94711|EEF1B2P7:41524",0.96,"G",7e-07,1.5625,NA,NA,"Yu Y 2017","GCST004166"
"93","rs78212183","22:31817998","22:32213984","22:30543984","22:30538538","DEPDC5:0|PRR14L:67866|RN7SL20P:60500|RNU6-201P:19240|PRR14L:67858|Z82190.1:72346|Z82190.2:0|AL022331.1:507|LOC107985530:72971",0.07,"G",5e-09,1.34,NA,NA,"Yu Y 2017","GCST004166"
"94","rs7871395","9:89594672","9:92209587","9:91399407","9:89439141","LOC105376139:4111|LOC105376137:37569|AL606807.1:45142|SEMA4D:96542|LOC102724237:67243|AL161910.1:0|GADD45G:10337|SEMA4D:96559|GADD45G:10340|UNQ6494:45111",0.26,"A",6e-09,1.21,NA,NA,"Yu Y 2017","GCST004166"
"95","rs908822","4:123985102","4:124906257","4:125125707","4:125263862","PPIAP76:77360|LINC01091:22404|LINC01091:54324|AC108075.1:40193|LOC105377407:47007",0.07,"A",4e-08,1.31,NA,NA,"Yu Y 2017","GCST004166"
"96","rs9381107","6:9469005","6:9469238","6:9577224","6:9577224","LOC107986562:328257|HULC:174872|LOC112267894:204006|OFCC1:127105",0.63,"G",3e-09,1.2048193,NA,NA,"Yu Y 2017","GCST004166"
"97","rs9545308","13:80065270","13:80639405","13:79537406","13:79537406","LINC01080:36987|AL158064.1:0|AL137781.1:50463|LINC01080:38607|LOC105370275:50286",0.12,"A",2e-09,1.29,NA,NA,"Yu Y 2017","GCST004166"
"98","rs957448","8:94529074","8:95541302","8:95610478","8:95610478","AC023632.2:24594|RAD54B:53959|VIRMA:0|FSBP:92122|LOC101926977:24543|AC023632.5:4554|LOC100286997:35935|AC023632.4:65337|FSBP:92130|AC023632.1:35962|AC023632.3:61041",0.5,"A",1e-12,1.2345679,NA,NA,"Yu Y 2017","GCST004166"
