id,snp,chromosome,hg38,hg19,hg18,hg17,alleleFrequency,riskAllele,pValue,oddsRatio,lowerCI,upperCI,study,se[ln(OR)]
1,rs10498633,14,92460608,92926952,91996705,91996705,0.217,T,5.50E-09,0.91,0.88,0.94,Lambert et al. 2013,0.01710341431
2,rs10792832,11,86156833,85867875,85545523,85545523,0.358,A,9.30E-26,0.87,0.85,0.89,Lambert et al. 2013,0.011865746
3,rs10838725,11,47536319,47557871,47514447,47514447,0.316,C,1.10E-08,1.08,1.05,1.11,Lambert et al. 2013,0.01437289641
4,rs10948363,6,47520026,47487762,47595721,47595721,0.266,G,5.20E-11,1.1,1.07,1.13,Lambert et al. 2013,0.01410792415
5,rs11218343,11,121564878,121435587,120940797,120940797,0.039,C,9.70E-15,0.77,0.72,0.82,Lambert et al. 2013,0.03425474635
6,rs11771145,7,143413669,1431107762,142820884,142627599,0.338,A,1.10E-13,0.9,0.88,0.93,Lambert et al. 2013,0.01146574278
7,rs1476679,7,100406823,100004446,99842382,99649097,0.287,C,5.60E-10,0.91,0.89,0.94,Lambert et al. 2013,0.01133833509
8,rs17125944,14,52933911,53400629,52470379,52470379,0.092,C,7.90E-09,1.14,1.09,1.19,Lambert et al. 2013,0.02288294192
9,rs190982,5,88927603,88223420,88259176,88259176,0.408,G,3.20E-08,0.93,0.9,0.95,Lambert et al. 2013,0.01672950144
10,rs2718058,7,37801932,37841534,37808059,37614774,0.373,G,4.80E-09,0.93,0.9,0.95,Lambert et al. 2013,0.01672950144
11,rs28834970,8,27337604,27195121,27251038,27251038,0.366,C,7.40E-14,1.1,1.08,1.13,Lambert et al. 2013,0.009361805443
12,rs35349669,2,233159830,234068476,233732526,233849787,0.488,T,3.20E-08,1.08,1.05,1.11,Lambert et al. 2013,0.01437289641
13,rs3865444,19,51224706,51727962,56419774,56419774,0.307,A,3.00E-06,0.94,0.91,0.96,Lambert et al. 2013,0.01654861008
14,rs4147929,19,1063444,1063443,1014443,1014443,0.19,A,1.10E-15,1.15,1.11,1.19,Lambert et al. 2013,0.01806220768
15,rs6656401,1,207518704,207692049,205758672,204080444,0.197,A,5.70E-24,1.18,1.14,1.22,Lambert et al. 2013,0.01759498779
16,rs6733839,2,127135234,127892810,127609280,127609040,0.409,T,6.90E-44,1.22,1.18,1.25,Lambert et al. 2013,0.01700837769
17,rs7274581,20,56443204,55018260,54451667,54451667,0.083,C,2.50E-08,0.88,0.84,0.92,Lambert et al. 2013,0.02373470185
18,rs8093731,18,31508995,29088958,27342956,27342956,0.017,T,1.00E-04,0.73,0.62,0.86,Lambert et al. 2013,0.08332911026
19,rs9271192,6,32610753,32578530,32686508,32686508,0.276,C,2.90E-12,1.11,1.08,1.15,Lambert et al. 2013,0.01397906846
20,rs9331896,8,27610169,27467686,27523603,27523603,0.379,C,2.80E-25,0.86,0.84,0.89,Lambert et al. 2013,0.01200535582
21,rs983392,11,60156035,59923508,59680084,59680084,0.403,G,6.10E-16,0.9,0.87,0.92,Lambert et al. 2013,0.01729671004
22,rs429358,19,44908684,45411941,50103781,50103781,,C,6.7E-536,3.81,3.37,4.3,Lambert et al. 2013,0.06261043101
23,rs7412,19,44908822,45412079,50103919,50103919,,T,1.23E-22,0.543,0.384,0.77,Lambert et al. 2013,0.1767687589
24,rs10039101,5,9688913,9689025,9742025,9742025,,T,1.34E-02,1.07,1.01,1.13,Naj et al. 2011,0.02944301919
25,rs1004173,6,47477280,47445016,47552975,47552975,,T,6.08E-06,1.11,1.06,1.15,Naj et al. 2011,0.02351587102
26,rs10104891,8,78881588,79793823,79956378,79956378,,T,3.47E-03,1.06,1.02,1.1,Naj et al. 2011,0.01962565348
27,rs10113885,9,83601092,86216007,85405827,83445561,,T,3.53E-05,1.09,1.05,1.13,Naj et al. 2011,0.01907527147
28,rs10119,19,44903415,45406672,50098512,50098512,,A,1.42E-200,2.14,2.04,2.25,Naj et al. 2011,0.02441633734
29,rs1019670,11,60173125,59940598,59697174,59697174,,A,9.93E-09,0.88,0.84,0.92,Naj et al. 2011,0.02373470185
30,rs1019883,13,47017788,47591923,46489924,46489924,,T,1.68E-05,1.1,1.05,1.15,Naj et al. 2011,0.02373470185
31,rs10200967,2,127084192,127841768,127558238,127557998,,C,3.83E-05,0.91,0.87,0.95,Naj et al. 2011,0.02293438156
32,rs1023200,9,28332481,28332479,28322479,28322479,,T,2.57E-03,1.27,1.09,1.47,Naj et al. 2011,0.07797918583
33,rs1026254,11,60262983,60030456,59787032,59787032,,T,1.79E-09,0.88,0.85,0.92,Naj et al. 2011,0.01769671326
34,rs1026255,11,60262475,60029948,59786524,59786524,,G,1.83E-09,0.88,0.85,0.92,Naj et al. 2011,0.01769671326
35,rs10402271,19,44825956,45329213,50021053,50021053,,G,8.81E-46,1.34,1.29,1.39,Naj et al. 2011,0.01940173244
36,rs10415983,19,45208339,45711597,50403437,50403437,,T,5.11E-10,1.19,1.13,1.26,Naj et al. 2011,0.02639575224
37,rs10416371,19,45156877,45660135,50351975,50351975,,C,1.04E-11,1.16,1.11,1.22,Naj et al. 2011,0.02247958663
38,rs10421247,19,45154227,45657485,50349325,50349325,,C,1.38E-06,0.89,0.85,0.94,Naj et al. 2011,0.02346179247
39,rs10424046,19,45032777,45536035,50227875,50227875,,C,1.93E-08,1.13,1.08,1.17,Naj et al. 2011,0.02309009775
40,rs1048699,19,45147127,45650385,50342225,50342225,,T,5.24E-20,1.35,1.27,1.44,Naj et al. 2011,0.03116718979
41,rs10501610,11,86133443,85844485,85522133,85522133,,C,1.54E-05,1.14,1.07,1.2,Naj et al. 2011,0.03233143568
42,rs10507546,13,46908938,47483073,46381074,46381074,,A,5.73E-04,1.08,1.03,1.13,Naj et al. 2011,0.02418481576
43,rs1060743,2,127068956,127826532,127543002,127542762,,G,3.55E-06,1.11,1.06,1.15,Naj et al. 2011,0.02351587102
44,rs10751134,11,86147844,85858886,85536534,85536534,,G,5.13E-08,0.9,0.86,0.93,Naj et al. 2011,0.02319508881
45,rs10792263,11,60312177,60079650,59836226,59836226,,C,5.18E-11,0.87,0.84,0.91,Naj et al. 2011,0.0179037346
46,rs10792832,11,86156832,85867874,85545522,85545522,,A,2.02E-10,0.88,0.84,0.91,Naj et al. 2011,0.02373470185
47,rs10799074,1,34622123,35087724,34860311,34756817,,A,9.07E-04,0.85,0.78,0.94,Naj et al. 2011,0.04384817847
48,rs10803270,1,14374307,14700803,14573390,14446109,,G,3.25E-04,1.1,1.04,1.15,Naj et al. 2011,0.02861707482
49,rs10808826,8,78881805,79794040,79956595,79956595,,T,3.48E-03,1.06,1.02,1.1,Naj et al. 2011,0.01962565348
50,rs10821923,10,61801557,63561315,63231321,63231321,,A,5.84E-03,0.94,0.91,0.98,Naj et al. 2011,0.01654861008
51,rs10824586,10,77956699,79716457,79386463,79386463,,A,6.50E-04,1.08,1.04,1.14,Naj et al. 2011,0.01925526938
52,rs10848307,12,131207148,131691693,130257646,130216573,,A,5.63E-03,0.95,0.91,0.98,Naj et al. 2011,0.02194764545
53,rs10897011,11,60193953,59961426,59718002,59718002,,A,8.23E-09,0.89,0.85,0.93,Naj et al. 2011,0.02346179247
54,rs10897024,11,60288177,60055650,59812226,59812226,,A,3.91E-06,1.1,1.06,1.15,Naj et al. 2011,0.018898608
55,rs10948363,6,47520025,47487761,47595720,47595720,,G,4.42E-06,1.11,1.06,1.15,Naj et al. 2011,0.02351587102
56,rs10948367,6,47617878,47585614,47693573,47693573,,G,3.94E-06,1.11,1.06,1.15,Naj et al. 2011,0.02351587102
57,rs10994923,10,61804669,63564427,63234433,63234433,,C,5.88E-03,0.95,0.91,0.98,Naj et al. 2011,0.02194764545
58,rs10994924,10,61805101,63564859,63234865,63234865,,C,5.96E-03,0.95,0.91,0.98,Naj et al. 2011,0.02194764545
59,rs11002743,10,78934738,80694495,80364501,80364501,,A,5.07E-03,0.94,0.9,0.98,Naj et al. 2011,0.0221862816
60,rs11061376,12,131203216,131687761,130253714,130212641,,A,1.15E-03,0.93,0.89,0.97,Naj et al. 2011,0.02243016501
61,rs11085505,19,21965868,22148670,21940510,21940510,,G,4.99E-03,0.94,0.91,0.98,Naj et al. 2011,0.01654861008
62,rs11133239,4,52982338,53848505,53543262,53689433,,C,1.15E-03,1.1,1.04,1.16,Naj et al. 2011,0.02861707482
63,rs1114831,19,45133060,45636318,50328158,50328158,,A,3.23E-20,1.35,1.27,1.44,Naj et al. 2011,0.03116718979
64,rs1114832,19,45132942,45636200,50328040,50328040,,T,2.16E-20,1.35,1.27,1.44,Naj et al. 2011,0.03116718979
65,rs11230160,11,60151691,59919164,59675740,59675740,,T,1.27E-07,0.9,0.86,0.93,Naj et al. 2011,0.02319508881
66,rs11230161,11,60152757,59920230,59676806,59676806,,A,1.19E-07,0.9,0.86,0.93,Naj et al. 2011,0.02319508881
67,rs11230180,11,60194012,59961485,59718061,59718061,,T,2.71E-08,0.89,0.86,0.93,Naj et al. 2011,0.01749442524
68,rs11230183,11,60198251,59965724,59722300,59722300,,T,8.52E-09,0.89,0.85,0.93,Naj et al. 2011,0.02346179247
69,rs11230201,11,60229520,59996993,59753569,59753569,,G,3.00E-09,0.89,0.85,0.92,Naj et al. 2011,0.02346179247
70,rs1125357,11,60118019,59885492,59642068,59642068,,C,2.56E-07,0.9,0.86,0.94,Naj et al. 2011,0.02319508881
71,rs1151104,11,60080331,59847804,59604380,59604380,,A,1.08E-05,0.91,0.87,0.95,Naj et al. 2011,0.02293438156
72,rs1157078,13,47021884,47596019,46494020,46494020,,T,1.69E-05,1.1,1.05,1.15,Naj et al. 2011,0.02373470185
73,rs11592515,10,11701103,11743102,11783108,11783108,,T,2.39E-03,0.93,0.88,0.97,Naj et al. 2011,0.02819524422
74,rs11597245,10,11701514,11743513,11783519,11783519,,A,2.41E-03,0.93,0.88,0.97,Naj et al. 2011,0.02819524422
75,rs11600716,11,60156948,59924421,59680997,59680997,,C,1.08E-07,0.9,0.86,0.93,Naj et al. 2011,0.02319508881
76,rs11601689,11,60228792,59996265,59752841,59752841,,C,2.98E-09,0.89,0.85,0.92,Naj et al. 2011,0.02346179247
77,rs11605427,11,60161198,59928671,59685247,59685247,,C,8.76E-09,0.89,0.85,0.93,Naj et al. 2011,0.02346179247
78,rs11638121,15,31132798,31425001,29212293,29212293,,T,6.78E-04,1.1,1.04,1.16,Naj et al. 2011,0.02861707482
79,rs11649101,16,12612831,12706688,12614189,12614189,,C,1.28E-03,0.93,0.89,0.97,Naj et al. 2011,0.02243016501
80,rs11673139,19,44879779,45383036,50074876,50074876,,T,2.03E-25,0.66,0.61,0.72,Naj et al. 2011,0.04019432544
81,rs11680911,2,127131180,127888756,127605226,127604986,,C,5.68E-14,1.17,1.12,1.22,Naj et al. 2011,0.02228319566
82,rs11685593,2,127130544,127888120,127604590,127604350,,T,2.39E-07,1.14,1.09,1.2,Naj et al. 2011,0.02288294192
83,rs11689089,2,127130288,127887864,127604334,127604094,,C,2.27E-07,1.14,1.09,1.2,Naj et al. 2011,0.02288294192
84,rs11718068,3,152913939,152631728,154114418,154114426,,A,9.31E-05,1.08,1.04,1.13,Naj et al. 2011,0.01925526938
85,rs11718659,3,42386994,42428486,42403490,42403490,,T,1.42E-03,0.94,0.9,0.97,Naj et al. 2011,0.0221862816
86,rs11767557,7,143412045,143109138,142819260,142625975,,C,4.90E-08,0.87,0.83,0.91,Naj et al. 2011,0.02401403615
87,rs11824734,11,60309219,60076692,59833268,59833268,,A,8.57E-11,0.88,0.84,0.91,Naj et al. 2011,0.02373470185
88,rs11824773,11,60309466,60076939,59833515,59833515,,C,1.06E-10,0.88,0.84,0.91,Naj et al. 2011,0.02373470185
89,rs11827324,11,60332438,60099911,59856487,59856487,,G,5.88E-11,0.87,0.84,0.91,Naj et al. 2011,0.0179037346
90,rs11861415,16,17290666,17384523,17292024,17292024,,G,3.35E-03,0.94,0.9,0.98,Naj et al. 2011,0.0221862816
91,rs11949129,5,159656340,159083347,159015925,159015925,,G,9.79E-04,1.08,1.03,1.13,Naj et al. 2011,0.02418481576
92,rs11979483,7,93024365,92653679,92491615,92298330,,A,9.99E-04,1.1,1.04,1.17,Naj et al. 2011,0.02861707482
93,rs11985613,8,78903049,79815284,79977839,79977839,,A,2.47E-03,1.06,1.02,1.11,Naj et al. 2011,0.01962565348
94,rs12048230,1,34605375,35070976,34843563,34740069,,A,1.48E-03,0.85,0.77,0.94,Naj et al. 2011,0.05043154828
95,rs12109904,5,9681685,9681797,9734797,9734797,,T,4.43E-02,1.06,1,1.12,Naj et al. 2011,0.02972903476
96,rs12135929,1,219301258,219474600,217541223,215862995,,G,6.97E-04,1.09,1.04,1.14,Naj et al. 2011,0.02395764443
97,rs12150984,19,44698756,45202026,49893866,49893866,,A,7.68E-10,1.18,1.12,1.25,Naj et al. 2011,0.02662538427
98,rs12152750,5,159649465,159076472,159009050,159009050,,G,1.68E-03,1.07,1.03,1.12,Naj et al. 2011,0.01943869706
99,rs12202615,6,47650434,47618170,47726129,47726129,,C,6.16E-05,1.09,1.05,1.14,Naj et al. 2011,0.01907527147
100,rs12339683,9,83599233,86214148,85403968,83443702,,T,9.19E-05,1.08,1.04,1.13,Naj et al. 2011,0.01925526938
101,rs12356284,10,61612269,63372027,63042033,63042033,,T,5.28E-02,0.96,0.92,1,Naj et al. 2011,0.02171408899
102,rs12357683,10,61612174,63371932,63041938,63041938,,A,5.60E-02,0.96,0.92,1,Naj et al. 2011,0.02171408899
103,rs1237999,11,86103987,85815029,85492677,85492677,,G,1.95E-10,0.88,0.84,0.91,Naj et al. 2011,0.02373470185
104,rs12416248,10,6349068,6391030,6431036,6431036,,C,2.53E-02,0.95,0.91,0.99,Naj et al. 2011,0.02194764545
105,rs12437770,15,50705106,50997303,48784595,48784595,,A,3.42E-05,0.9,0.86,0.95,Naj et al. 2011,0.02319508881
106,rs12437803,15,50705068,50997265,48784557,48784557,,A,3.82E-05,0.9,0.86,0.95,Naj et al. 2011,0.02319508881
107,rs12440570,15,50753366,51045563,48832855,48832855,,T,3.00E-05,0.9,0.85,0.94,Naj et al. 2011,0.02916245604
108,rs12440864,15,50713759,51005956,48793248,48793248,,G,1.42E-05,0.89,0.84,0.94,Naj et al. 2011,0.02949978107
109,rs12442145,15,50721397,51013594,48800886,48800886,,A,2.63E-05,0.9,0.85,0.94,Naj et al. 2011,0.02916245604
110,rs12442197,15,50703164,50995361,48782653,48782653,,C,4.06E-05,0.9,0.86,0.95,Naj et al. 2011,0.02319508881
111,rs12453,11,60178271,59945744,59702320,59702320,,C,4.81E-09,0.89,0.85,0.92,Naj et al. 2011,0.02346179247
112,rs12528220,6,108442649,108763853,108870546,108870546,,G,2.81E-03,0.88,0.81,0.96,Naj et al. 2011,0.04228962235
113,rs12528572,6,108337769,108658973,108765666,108765666,,A,3.64E-02,0.93,0.87,1,Naj et al. 2011,0.03402621148
114,rs12529330,6,108344727,108665931,108772624,108772624,,G,3.05E-03,0.88,0.81,0.96,Naj et al. 2011,0.04228962235
115,rs12539172,7,100494171,100091794,99929730,99736445,,T,8.01E-05,0.92,0.88,0.96,Naj et al. 2011,0.0226794707
116,rs12592778,15,50700113,50992310,48779602,48779602,,A,2.64E-05,0.9,0.85,0.94,Naj et al. 2011,0.02916245604
117,rs12593556,15,50656278,50948475,48735767,48735767,,A,3.13E-04,0.92,0.87,0.96,Naj et al. 2011,0.02851043796
118,rs12595082,15,50715531,51007728,48795020,48795020,,T,3.32E-05,0.9,0.86,0.95,Naj et al. 2011,0.02319508881
119,rs12610605,19,44867580,45370837,50062677,50062677,,A,4.44E-16,0.8,0.76,0.84,Naj et al. 2011,0.02617004816
120,rs12636553,3,42385543,42427035,42402039,42402039,,A,4.85E-03,0.94,0.9,0.98,Naj et al. 2011,0.0221862816
121,rs12703526,7,143410494,143107587,142817709,142624424,,G,3.16E-06,0.91,0.87,0.95,Naj et al. 2011,0.02293438156
122,rs12764640,10,11701944,11743943,11783949,11783949,,C,2.62E-03,0.93,0.88,0.97,Naj et al. 2011,0.02819524422
123,rs12773964,10,11700632,11742631,11782637,11782637,,A,1.91E-03,0.92,0.88,0.97,Naj et al. 2011,0.0226794707
124,rs12776405,10,11700710,11742709,11782715,11782715,,G,2.24E-03,0.93,0.88,0.97,Naj et al. 2011,0.02819524422
125,rs1286169,11,60064872,59832345,59588921,59588921,,G,1.81E-05,0.91,0.87,0.95,Naj et al. 2011,0.02293438156
126,rs12915921,15,100549367,101089572,98907095,98907095,,T,1.85E-03,0.93,0.88,0.97,Naj et al. 2011,0.02819524422
127,rs129574,22,44735674,45131554,43510218,43452091,,T,3.32E-04,0.91,0.86,0.96,Naj et al. 2011,0.02883276034
128,rs12978931,19,44860442,45363699,50055539,50055539,,G,1.21E-19,0.77,0.73,0.82,Naj et al. 2011,0.02721733709
129,rs12985029,19,51210108,51713364,56405176,56405176,,A,1.95E-06,0.89,0.84,0.93,Naj et al. 2011,0.02949978107
130,rs12989701,2,127130408,127887984,127604454,127604214,,A,3.69E-05,1.12,1.06,1.18,Naj et al. 2011,0.02809172305
131,rs13004848,2,127129983,127887559,127604029,127603789,,C,5.03E-05,1.11,1.06,1.17,Naj et al. 2011,0.02351587102
132,rs13107731,4,189469244,190390398,190627392,190765547,,T,9.00E-03,0.94,0.9,0.98,Naj et al. 2011,0.0221862816
133,rs132413,22,44740479,45136359,43515023,43456896,,G,1.76E-05,0.9,0.86,0.95,Naj et al. 2011,0.02319508881
134,rs1332027,6,108477294,108798497,108905190,108905190,,G,1.55E-03,0.89,0.83,0.96,Naj et al. 2011,0.03561008262
135,rs1354106,19,51234735,51737990,56429802,56429802,,G,3.52E-05,0.91,0.88,0.95,Naj et al. 2011,0.01710341431
136,rs1368008,14,58708696,59175414,58245167,58245167,,T,6.12E-03,1.06,1.02,1.1,Naj et al. 2011,0.01962565348
137,rs1371102,3,152915696,152633485,154116175,154116183,,A,1.26E-04,1.08,1.04,1.12,Naj et al. 2011,0.01925526938
138,rs1371103,3,152916053,152633842,154116532,154116540,,C,2.15E-04,1.08,1.04,1.12,Naj et al. 2011,0.01925526938
139,rs1373522,10,61850845,63610604,63280610,63280610,,T,5.91E-04,0.93,0.9,0.97,Naj et al. 2011,0.01672950144
140,rs1408077,1,207630795,207804140,205870763,204192535,,A,4.94E-10,1.17,1.11,1.22,Naj et al. 2011,0.0268590477
141,rs1408078,1,207627209,207800554,205867177,204188949,,T,1.53E-10,1.17,1.11,1.23,Naj et al. 2011,0.0268590477
142,rs1412166,6,82732543,83442260,83498979,83498979,,C,9.82E-03,0.92,0.87,0.98,Naj et al. 2011,0.02851043796
143,rs1422844,5,159643050,159070057,159002635,159002635,,A,2.45E-03,1.07,1.02,1.12,Naj et al. 2011,0.02441633734
144,rs1426250,11,60233851,60001324,59757900,59757900,,G,1.98E-09,0.88,0.85,0.92,Naj et al. 2011,0.01769671326
145,rs1439037,10,78933967,80693724,80363730,80363730,,C,7.28E-03,0.94,0.9,0.98,Naj et al. 2011,0.0221862816
146,rs1469704,19,45086336,45589594,50281434,50281434,,C,9.53E-07,0.9,0.87,0.94,Naj et al. 2011,0.01729671004
147,rs1470374,10,61821108,63580866,63250872,63250872,,G,5.34E-03,0.94,0.91,0.98,Naj et al. 2011,0.01654861008
148,rs1476679,7,100406822,100004445,99842381,99649096,,C,2.49E-05,0.91,0.87,0.95,Naj et al. 2011,0.02293438156
149,rs1485780,6,47588893,47556629,47664588,47664588,,C,3.26E-06,1.11,1.06,1.16,Naj et al. 2011,0.02351587102
150,rs1530914,11,60261466,60028939,59785515,59785515,,C,1.90E-09,0.88,0.85,0.92,Naj et al. 2011,0.01769671326
151,rs1531517,19,44738915,45242172,49934012,49934012,,A,3.59E-11,0.74,0.68,0.81,Naj et al. 2011,0.0431415245
152,rs1532278,8,27608797,27466314,27522231,27522231,,T,1.87E-08,0.89,0.85,0.92,Naj et al. 2011,0.02346179247
153,rs1562990,11,60255613,60023086,59779662,59779662,,C,2.08E-09,0.89,0.85,0.92,Naj et al. 2011,0.02346179247
154,rs157580,19,44892008,45395265,50087105,50087105,,G,5.12E-101,0.61,0.59,0.64,Naj et al. 2011,0.01700837769
155,rs157582,19,44892961,45396218,50088058,50088058,,T,6.98E-294,2.54,2.41,2.67,Naj et al. 2011,0.026804762
156,rs1582763,11,60254474,60021947,59778523,59778523,,A,4.63E-11,0.87,0.84,0.91,Naj et al. 2011,0.0179037346
157,rs1671214,19,55041454,55552822,60244634,60244634,,A,5.40E-04,0.93,0.89,0.97,Naj et al. 2011,0.02243016501
158,rs1671215,19,55041650,55553018,60244830,60244830,,C,5.75E-04,0.93,0.89,0.97,Naj et al. 2011,0.02243016501
159,rs16979595,19,44974123,45477380,50169220,50169220,,A,2.00E-10,1.19,1.12,1.25,Naj et al. 2011,0.0309309295
160,rs17056877,5,159656684,159083691,159016269,159016269,,A,1.01E-03,1.08,1.03,1.13,Naj et al. 2011,0.02418481576
161,rs17118281,1,98383140,98848696,98621284,98560717,,G,8.56E-05,0.88,0.83,0.94,Naj et al. 2011,0.02984500341
162,rs17125924,14,52924961,53391679,52461429,52461429,,G,3.71E-04,1.12,1.05,1.2,Naj et al. 2011,0.03292781691
163,rs17125944,14,52933910,53400628,52470378,52470378,,C,2.88E-04,1.13,1.06,1.2,Naj et al. 2011,0.03262690031
164,rs17289695,13,46910242,47484377,46382378,46382378,,A,6.17E-04,1.08,1.03,1.13,Naj et al. 2011,0.02418481576
165,rs17289854,13,46912801,47486936,46384937,46384937,,T,6.45E-04,1.08,1.03,1.13,Naj et al. 2011,0.02418481576
166,rs17289889,13,46913622,47487757,46385758,46385758,,T,7.85E-04,1.08,1.03,1.13,Naj et al. 2011,0.02418481576
167,rs17444979,10,10952195,10994158,11034164,11034164,,T,1.10E-03,0.92,0.87,0.97,Naj et al. 2011,0.02851043796
168,rs17463021,10,78933857,80693614,80363620,80363620,,T,7.71E-03,0.94,0.9,0.98,Naj et al. 2011,0.0221862816
169,rs17528859,11,60099905,59867378,59623954,59623954,,C,3.44E-07,0.9,0.87,0.94,Naj et al. 2011,0.01729671004
170,rs17529983,11,60159565,59927038,59683614,59683614,,A,9.69E-08,0.9,0.86,0.93,Naj et al. 2011,0.02319508881
171,rs17602572,11,60180900,59948373,59704949,59704949,,G,4.62E-09,0.89,0.85,0.92,Naj et al. 2011,0.02346179247
172,rs17643262,19,45128557,45631815,50323655,50323655,,A,4.16E-20,1.35,1.27,1.44,Naj et al. 2011,0.03116718979
173,rs17646025,15,50727614,51019811,48807103,48807103,,T,2.49E-05,0.9,0.85,0.94,Naj et al. 2011,0.02916245604
174,rs17728272,19,44737113,45240370,49932210,49932210,,T,1.28E-09,0.86,0.82,0.9,Naj et al. 2011,0.02430002499
175,rs17820446,3,77195437,77244588,77327278,77327278,,C,1.43E-03,0.93,0.89,0.97,Naj et al. 2011,0.02243016501
176,rs1808430,16,31247671,31258992,31166493,31166493,,G,1.17E-04,0.92,0.88,0.96,Naj et al. 2011,0.0226794707
177,rs1834550,11,60192369,59959842,59716418,59716418,,C,8.54E-09,0.89,0.85,0.93,Naj et al. 2011,0.02346179247
178,rs1834554,11,60240099,60007572,59764148,59764148,,C,1.86E-06,0.86,0.8,0.91,Naj et al. 2011,0.03689829672
179,rs1849003,19,21959458,22142260,21934100,21934100,,C,1.66E-03,0.94,0.9,0.98,Naj et al. 2011,0.0221862816
180,rs1858120,8,78878560,79790795,79953350,79953350,,T,3.55E-03,1.06,1.02,1.1,Naj et al. 2011,0.01962565348
181,rs1858122,8,78878724,79790959,79953514,79953514,,T,3.45E-03,1.06,1.02,1.1,Naj et al. 2011,0.01962565348
182,rs1859093,19,21960536,22143338,21935178,21935178,,T,1.54E-03,0.94,0.9,0.98,Naj et al. 2011,0.0221862816
183,rs1864704,13,47026186,47600321,46498322,46498322,,C,2.03E-05,1.1,1.05,1.15,Naj et al. 2011,0.02373470185
184,rs1871045,19,44823510,45326767,50018607,50018607,,T,2.40E-08,0.89,0.86,0.93,Naj et al. 2011,0.01749442524
185,rs1871046,19,44848679,45351936,50043776,50043776,,C,3.65E-14,0.85,0.82,0.89,Naj et al. 2011,0.01833265777
186,rs1871047,19,44848488,45351745,50043585,50043585,,G,5.02E-14,0.85,0.82,0.89,Naj et al. 2011,0.01833265777
187,rs1872505,6,47513238,47480974,47588933,47588933,,G,3.84E-06,1.11,1.06,1.15,Naj et al. 2011,0.02351587102
188,rs1882911,21,14521956,15894277,14816148,14816148,,A,7.96E-04,1.07,1.03,1.11,Naj et al. 2011,0.01943869706
189,rs1898895,11,86126626,85837668,85515316,85515316,,T,3.40E-11,0.87,0.83,0.91,Naj et al. 2011,0.02401403615
190,rs1931833,6,47459544,47427280,47535239,47535239,,A,5.09E-06,1.11,1.06,1.16,Naj et al. 2011,0.02351587102
191,rs1987974,19,21975599,22158401,21950241,21950241,,T,2.08E-03,0.94,0.91,0.98,Naj et al. 2011,0.01654861008
192,rs1987975,19,21975496,22158298,21950138,21950138,,C,2.05E-03,0.94,0.91,0.98,Naj et al. 2011,0.01654861008
193,rs1988501,19,21992763,22175565,21967405,21967405,,T,1.95E-03,0.94,0.91,0.98,Naj et al. 2011,0.01654861008
194,rs2015475,11,60231489,59998962,59755538,59755538,,C,2.12E-09,0.89,0.85,0.92,Naj et al. 2011,0.02346179247
195,rs2049857,21,14512782,15885103,14806974,14806974,,T,4.81E-03,1.06,1.02,1.1,Naj et al. 2011,0.01962565348
196,rs2060250,19,45087729,45590987,50282827,50282827,,G,4.69E-07,0.9,0.87,0.94,Naj et al. 2011,0.01729671004
197,rs2070970,11,60094509,59861982,59618558,59618558,,T,3.59E-07,0.9,0.87,0.94,Naj et al. 2011,0.01729671004
198,rs2075650,19,44892361,45395618,50087458,50087458,,G,1.28E-299,2.81,2.66,2.97,Naj et al. 2011,0.02798895947
199,rs2079062,19,21942409,22125211,21917051,21917051,,T,1.92E-03,0.94,0.9,0.98,Naj et al. 2011,0.0221862816
200,rs2081547,11,60221956,59989429,59746005,59746005,,T,2.98E-09,0.89,0.85,0.92,Naj et al. 2011,0.02346179247
201,rs2136530,9,10047843,10047843,10037843,10037843,,T,4.49E-05,0.89,0.84,0.94,Naj et al. 2011,0.02949978107
202,rs2171086,6,47622367,47590103,47698062,47698062,,T,3.80E-06,1.11,1.06,1.15,Naj et al. 2011,0.02351587102
203,rs2188971,19,21969379,22152181,21944021,21944021,,T,1.88E-03,0.94,0.9,0.98,Naj et al. 2011,0.0221862816
204,rs2214301,19,21972151,22154953,21946793,21946793,,C,1.94E-03,0.94,0.9,0.98,Naj et al. 2011,0.0221862816
205,rs2278867,11,60175635,59943108,59699684,59699684,,T,5.13E-09,0.89,0.85,0.92,Naj et al. 2011,0.02346179247
206,rs2279590,8,27598735,27456252,27512169,27512169,,T,3.30E-08,0.89,0.85,0.93,Naj et al. 2011,0.02346179247
207,rs2296160,1,207621974,207795319,205861942,204183714,,A,1.49E-10,1.17,1.11,1.23,Naj et al. 2011,0.0268590477
208,rs2344847,15,85817861,86361092,84162096,84162096,,C,2.67E-03,1.06,1.02,1.11,Naj et al. 2011,0.01962565348
209,rs2359812,19,21970692,22153494,21945334,21945334,,A,1.92E-03,0.94,0.9,0.98,Naj et al. 2011,0.0221862816
210,rs2359813,19,21985338,22168140,21959980,21959980,,C,1.95E-03,0.94,0.91,0.98,Naj et al. 2011,0.01654861008
211,rs2368311,13,84896780,85470915,84368916,84368916,,C,4.05E-02,1.04,1,1.08,Naj et al. 2011,0.02001056794
212,rs2396825,6,47600959,47568695,47676654,47676654,,G,4.08E-06,1.11,1.06,1.15,Naj et al. 2011,0.02351587102
213,rs2405442,7,100373689,99971312,99809248,99615963,,T,5.17E-05,0.91,0.88,0.96,Naj et al. 2011,0.01710341431
214,rs2414063,15,50663457,50955654,48742946,48742946,,G,2.29E-05,0.89,0.85,0.94,Naj et al. 2011,0.02346179247
215,rs2469338,8,3609394,3466916,3454324,3454324,,G,1.39E-04,0.9,0.86,0.95,Naj et al. 2011,0.02319508881
216,rs2508691,11,86039628,85750670,85428318,85428318,,A,1.92E-09,0.88,0.85,0.92,Naj et al. 2011,0.01769671326
217,rs2508696,11,86006879,85717922,85395570,85395570,,A,1.68E-09,0.88,0.84,0.92,Naj et al. 2011,0.02373470185
218,rs2522096,19,21940614,22123416,21915256,21915256,,C,2.29E-03,0.94,0.9,0.98,Naj et al. 2011,0.0221862816
219,rs2583471,11,60094340,59861813,59618389,59618389,,A,3.59E-07,0.9,0.87,0.94,Naj et al. 2011,0.01729671004
220,rs2588962,10,61846732,63606491,63276497,63276497,,A,6.66E-04,0.93,0.9,0.97,Naj et al. 2011,0.01672950144
221,rs2588963,10,61847383,63607142,63277148,63277148,,A,8.11E-04,0.93,0.9,0.97,Naj et al. 2011,0.01672950144
222,rs2588964,10,61847446,63607205,63277211,63277211,,A,5.17E-04,0.93,0.9,0.97,Naj et al. 2011,0.01672950144
223,rs2588966,10,61850050,63609809,63279815,63279815,,T,4.79E-04,0.93,0.9,0.97,Naj et al. 2011,0.01672950144
224,rs2588969,10,61851594,63611353,63281359,63281359,,A,7.78E-04,0.93,0.89,0.97,Naj et al. 2011,0.02243016501
225,rs2627641,19,45205499,45708757,50400597,50400597,,G,9.71E-10,1.18,1.12,1.25,Naj et al. 2011,0.02662538427
226,rs2675592,10,61851774,63611533,63281539,63281539,,T,3.62E-03,0.94,0.9,0.98,Naj et al. 2011,0.0221862816
227,rs2675655,10,61847984,63607743,63277749,63277749,,G,2.48E-03,0.94,0.91,0.98,Naj et al. 2011,0.01654861008
228,rs2702910,8,6966368,6823890,6811300,6811300,,A,2.05E-02,0.95,0.91,0.99,Naj et al. 2011,0.02194764545
229,rs270864,12,93948918,94342694,92866825,92845162,,G,1.76E-02,1.06,1.01,1.11,Naj et al. 2011,0.02465233534
230,rs270869,12,93942546,94336322,92860453,92838790,,T,2.26E-02,1.06,1.01,1.11,Naj et al. 2011,0.02465233534
231,rs2738045,8,6966045,6823567,6810977,6810977,,C,3.92E-03,0.94,0.91,0.98,Naj et al. 2011,0.01654861008
232,rs2787723,10,61607758,63367516,63037522,63037522,,T,4.15E-02,0.96,0.92,1,Naj et al. 2011,0.02171408899
233,rs2814020,10,61602786,63362544,63032550,63032550,,T,4.14E-02,0.96,0.92,1,Naj et al. 2011,0.02171408899
234,rs2814022,10,61601052,63360810,63030816,63030816,,A,3.93E-02,0.96,0.92,1,Naj et al. 2011,0.02171408899
235,rs2822716,21,14518552,15890873,14812744,14812744,,A,1.93E-03,1.06,1.02,1.1,Naj et al. 2011,0.01962565348
236,rs2822752,21,14529964,15902285,14824156,14824156,,A,6.14E-04,1.08,1.03,1.12,Naj et al. 2011,0.02418481576
237,rs2847655,11,60098197,59865670,59622246,59622246,,C,3.46E-07,0.9,0.87,0.94,Naj et al. 2011,0.01729671004
238,rs2847663,11,60090562,59858035,59614611,59614611,,G,4.71E-07,0.9,0.87,0.94,Naj et al. 2011,0.01729671004
239,rs2847666,11,60092102,59859575,59616151,59616151,,G,3.88E-07,0.9,0.87,0.94,Naj et al. 2011,0.01729671004
240,rs2847668,11,60094787,59862260,59618836,59618836,,T,3.51E-07,0.9,0.87,0.94,Naj et al. 2011,0.01729671004
241,rs2855017,11,60098835,59866308,59622884,59622884,,T,3.45E-07,0.9,0.87,0.94,Naj et al. 2011,0.01729671004
242,rs28800,5,9666432,9666544,9719544,9719544,,A,5.34E-02,1.05,1,1.1,Naj et al. 2011,0.0248929409
243,rs2888903,11,86143133,85854175,85531823,85531823,,G,7.66E-07,0.91,0.87,0.94,Naj et al. 2011,0.02293438156
244,rs2927438,19,44738849,45242106,49933946,49933946,,A,4.07E-15,1.23,1.17,1.29,Naj et al. 2011,0.0255155207
245,rs2927477,19,44810457,45313714,50005554,50005554,,C,5.54E-19,0.69,0.63,0.75,Naj et al. 2011,0.04641417255
246,rs2927480,19,44834127,45337384,50029224,50029224,,C,5.03E-49,1.37,1.31,1.42,Naj et al. 2011,0.02284877685
247,rs2927488,19,44728211,45231477,49923317,49923317,,A,1.10E-09,0.86,0.83,0.91,Naj et al. 2011,0.01811565738
248,rs2965101,19,44734555,45237811,49929651,49929651,,C,2.47E-21,0.81,0.78,0.85,Naj et al. 2011,0.01925526938
249,rs2965109,19,44722080,45225344,49917184,49917184,,T,4.43E-21,0.81,0.78,0.85,Naj et al. 2011,0.01925526938
250,rs2965164,19,44698781,45202051,49893891,49893891,,T,3.32E-06,0.89,0.85,0.93,Naj et al. 2011,0.02346179247
251,rs2972564,19,44841200,45344457,50036297,50036297,,G,5.48E-07,0.84,0.79,0.9,Naj et al. 2011,0.03131068693
252,rs2984,6,166412532,166826020,166746010,166796431,,C,7.59E-03,1.06,1.02,1.11,Naj et al. 2011,0.01962565348
253,rs3745150,19,44882501,45385758,50077598,50077598,,C,2.12E-39,0.73,0.7,0.77,Naj et al. 2011,0.02141030566
254,rs3752246,19,1056492,1056491,1007491,1007491,,G,4.97E-07,1.15,1.09,1.21,Naj et al. 2011,0.02733890109
255,rs3758866,11,60280028,60047501,59804077,59804077,,T,2.41E-06,0.89,0.85,0.94,Naj et al. 2011,0.02346179247
256,rs3761320,21,14512627,15884948,14806819,14806819,,T,4.31E-03,1.06,1.02,1.1,Naj et al. 2011,0.01962565348
257,rs3764650,19,1046520,1046519,997519,997519,,G,2.06E-06,1.2,1.11,1.29,Naj et al. 2011,0.03977629667
258,rs377702,19,44859409,45362666,50054506,50054506,,A,2.73E-14,1.17,1.13,1.22,Naj et al. 2011,0.01774801841
259,rs3813498,6,108622961,108944164,109050857,109050857,,C,2.17E-03,0.92,0.88,0.97,Naj et al. 2011,0.0226794707
260,rs3818361,1,207611622,207784967,205851590,204173362,,A,5.37E-11,1.17,1.12,1.23,Naj et al. 2011,0.02228319566
261,rs3844143,11,86139200,85850242,85527890,85527890,,C,3.35E-06,0.91,0.88,0.95,Naj et al. 2011,0.01710341431
262,rs3845674,2,127117812,127875388,127591858,127591618,,T,1.70E-08,0.87,0.83,0.91,Naj et al. 2011,0.02401403615
263,rs3848128,15,50599592,50891789,48679081,48679081,,T,3.74E-04,0.92,0.87,0.96,Naj et al. 2011,0.02851043796
264,rs3851179,11,86157597,85868639,85546287,85546287,,T,2.16E-10,0.88,0.84,0.91,Naj et al. 2011,0.02373470185
265,rs3852861,19,44879803,45383060,50074900,50074900,,T,4.95E-27,0.78,0.74,0.81,Naj et al. 2011,0.0268590477
266,rs3852865,19,51210808,51714064,56405876,56405876,,A,8.30E-07,0.88,0.84,0.93,Naj et al. 2011,0.02373470185
267,rs3856378,2,127114770,127872346,127588816,127588576,,G,5.65E-04,0.93,0.89,0.97,Naj et al. 2011,0.02243016501
268,rs3865444,19,51224705,51727961,56419773,56419773,,A,2.01E-07,0.89,0.86,0.93,Naj et al. 2011,0.01749442524
269,rs387315,19,22052723,22235525,22027365,22027365,,T,5.52E-04,0.93,0.9,0.97,Naj et al. 2011,0.01672950144
270,rs387343,19,22052688,22235490,22027330,22027330,,T,5.53E-04,0.93,0.9,0.97,Naj et al. 2011,0.01672950144
271,rs387976,19,44875802,45379059,50070899,50070899,,C,4.58E-11,0.86,0.83,0.9,Naj et al. 2011,0.01811565738
272,rs394457,19,22047625,22230427,22022267,22022267,,G,5.58E-04,0.93,0.9,0.97,Naj et al. 2011,0.01672950144
273,rs399990,19,22049993,22232795,22024635,22024635,,G,5.57E-04,0.93,0.9,0.97,Naj et al. 2011,0.01672950144
274,rs402281,19,22048509,22231311,22023151,22023151,,G,5.62E-04,0.93,0.9,0.97,Naj et al. 2011,0.01672950144
275,rs405509,19,44905578,45408835,50100675,50100675,,G,1.83E-67,0.69,0.66,0.72,Naj et al. 2011,0.0226794707
276,rs405697,19,44901433,45404690,50096530,50096530,,A,1.31E-46,0.68,0.64,0.71,Naj et al. 2011,0.0309309295
277,rs408312,19,22052774,22235576,22027416,22027416,,C,5.56E-04,0.93,0.9,0.97,Naj et al. 2011,0.01672950144
278,rs415291,19,22052504,22235306,22027146,22027146,,C,5.63E-04,0.93,0.9,0.97,Naj et al. 2011,0.01672950144
279,rs416041,19,44867596,45370853,50062693,50062693,,G,4.27E-14,1.17,1.12,1.22,Naj et al. 2011,0.02228319566
280,rs417628,19,22047991,22230793,22022633,22022633,,C,5.71E-04,0.93,0.9,0.97,Naj et al. 2011,0.01672950144
281,rs423926,19,22052817,22235619,22027459,22027459,,G,5.56E-04,0.93,0.9,0.97,Naj et al. 2011,0.01672950144
282,rs4310446,1,207503258,207676603,205743226,204064998,,C,8.95E-06,1.12,1.06,1.17,Naj et al. 2011,0.02809172305
283,rs431346,19,22045412,22228214,22020054,22020054,,T,5.37E-04,0.93,0.9,0.97,Naj et al. 2011,0.01672950144
284,rs431474,19,22045989,22228791,22020631,22020631,,A,5.66E-04,0.93,0.9,0.97,Naj et al. 2011,0.01672950144
285,rs436194,19,22045724,22228526,22020366,22020366,,A,5.67E-04,0.93,0.9,0.97,Naj et al. 2011,0.01672950144
286,rs439401,19,44911193,45414450,50106290,50106290,,T,1.06E-78,0.65,0.62,0.68,Naj et al. 2011,0.02410861472
287,rs4400143,5,165158508,164585514,164518092,164518092,,C,5.39E-04,1.08,1.03,1.12,Naj et al. 2011,0.02418481576
288,rs440277,19,44857966,45361223,50053063,50053063,,A,6.91E-16,0.83,0.79,0.87,Naj et al. 2011,0.02520038537
289,rs4420638,19,44919688,45422945,50114785,50114785,,G,0.00E+00,3.64,3.42,3.87,Naj et al. 2011,0.03180771968
290,rs4561481,16,31248231,31259552,31167053,31167053,,G,1.32E-04,0.92,0.88,0.96,Naj et al. 2011,0.0226794707
291,rs4605275,19,44835235,45338492,50030332,50030332,,T,4.29E-20,0.8,0.77,0.84,Naj et al. 2011,0.01950061879
292,rs4622523,16,78630844,78664741,77222242,77222242,,C,5.34E-03,1.06,1.02,1.11,Naj et al. 2011,0.01962565348
293,rs4663098,2,127115458,127873034,127589504,127589264,,T,1.74E-08,0.87,0.83,0.91,Naj et al. 2011,0.02401403615
294,rs4663100,2,127120861,127878437,127594907,127594667,,C,1.69E-08,0.87,0.83,0.91,Naj et al. 2011,0.02401403615
295,rs4663104,2,127133209,127890785,127607255,127607015,,C,2.31E-07,1.14,1.09,1.2,Naj et al. 2011,0.02288294192
296,rs4695152,4,46379639,46381656,46076413,46222584,,G,6.03E-03,0.85,0.76,0.96,Naj et al. 2011,0.05710097766
297,rs471470,11,86120498,85831540,85509188,85509188,,C,5.24E-11,0.87,0.84,0.91,Naj et al. 2011,0.0179037346
298,rs4715019,6,47479304,47447040,47554999,47554999,,A,3.71E-06,1.11,1.06,1.16,Naj et al. 2011,0.02351587102
299,rs4715025,6,47515916,47483652,47591611,47591611,,G,3.96E-06,1.11,1.06,1.15,Naj et al. 2011,0.02351587102
300,rs472486,11,86120647,85831689,85509337,85509337,,A,3.11E-10,0.88,0.84,0.91,Naj et al. 2011,0.02373470185
301,rs4725336,7,150370355,150067444,149698377,149505092,,C,2.05E-02,1.07,1.01,1.14,Naj et al. 2011,0.02944301919
302,rs4726618,7,143404890,143101983,142812105,142618820,,T,8.73E-05,0.92,0.88,0.96,Naj et al. 2011,0.0226794707
303,rs474951,11,60071147,59838620,59595196,59595196,,G,1.02E-05,0.91,0.87,0.95,Naj et al. 2011,0.02293438156
304,rs4759865,12,131212600,131697145,130263098,130222025,,C,7.92E-03,0.95,0.91,0.99,Naj et al. 2011,0.02194764545
305,rs4803750,19,44744369,45247626,49939466,49939466,,G,6.24E-11,0.74,0.68,0.81,Naj et al. 2011,0.0431415245
306,rs4803759,19,44824201,45327458,50019298,50019298,,T,4.88E-20,0.81,0.78,0.85,Naj et al. 2011,0.01925526938
307,rs4803760,19,44830576,45333833,50025673,50025673,,T,5.02E-11,0.83,0.79,0.88,Naj et al. 2011,0.02520038537
308,rs4803763,19,44854033,45357290,50049130,50049130,,C,9.87E-69,1.51,1.44,1.58,Naj et al. 2011,0.02421762104
309,rs4844610,1,207629206,207802551,205869174,204190946,,A,1.89E-10,1.17,1.11,1.23,Naj et al. 2011,0.0268590477
310,rs4889640,16,31252945,31264266,31171767,31171767,,C,1.62E-04,0.92,0.89,0.96,Naj et al. 2011,0.01691439149
311,rs493254,11,86054255,85765297,85442945,85442945,,G,2.17E-09,0.88,0.85,0.92,Naj et al. 2011,0.01769671326
312,rs4932723,19,21997918,22180720,21972560,21972560,,C,1.98E-03,0.94,0.91,0.98,Naj et al. 2011,0.01654861008
313,rs4938931,11,60259139,60026612,59783188,59783188,,G,2.27E-09,0.89,0.85,0.92,Naj et al. 2011,0.02346179247
314,rs4938933,11,60266955,60034428,59791004,59791004,,C,1.73E-09,0.88,0.85,0.92,Naj et al. 2011,0.01769671326
315,rs4939312,11,60132632,59900105,59656681,59656681,,T,1.62E-07,0.9,0.86,0.94,Naj et al. 2011,0.02319508881
316,rs4939320,11,60214327,59981800,59738376,59738376,,C,3.28E-09,0.89,0.85,0.92,Naj et al. 2011,0.02346179247
317,rs4939338,11,60331751,60099224,59855800,59855800,,T,4.55E-11,0.87,0.84,0.91,Naj et al. 2011,0.0179037346
318,rs4944560,11,86134002,85845044,85522692,85522692,,A,1.22E-07,0.9,0.87,0.94,Naj et al. 2011,0.01729671004
319,rs4948479,10,61847130,63606889,63276895,63276895,,A,4.02E-03,0.94,0.91,0.98,Naj et al. 2011,0.01654861008
320,rs4948482,10,61849648,63609407,63279413,63279413,,A,4.96E-04,0.93,0.9,0.97,Naj et al. 2011,0.01672950144
321,rs497816,11,86101167,85812209,85489857,85489857,,C,1.55E-10,0.88,0.84,0.91,Naj et al. 2011,0.02373470185
322,rs4985556,16,70660096,70693999,69251500,69251500,,A,1.31E-05,1.15,1.08,1.23,Naj et al. 2011,0.03204127614
323,rs501697,11,60065649,59833122,59589698,59589698,,A,1.33E-05,0.91,0.87,0.95,Naj et al. 2011,0.02293438156
324,rs5167,19,44945207,45448464,50140304,50140304,,G,1.13E-07,1.12,1.08,1.17,Naj et al. 2011,0.0185549205
325,rs519825,19,44863521,45366778,50058618,50058618,,C,4.17E-14,1.17,1.12,1.22,Naj et al. 2011,0.02228319566
326,rs519961,11,86121381,85832423,85510071,85510071,,T,5.73E-11,0.87,0.84,0.91,Naj et al. 2011,0.0179037346
327,rs526904,11,86100321,85811363,85489011,85489011,,T,1.51E-10,0.87,0.84,0.91,Naj et al. 2011,0.0179037346
328,rs528823,11,60069623,59837096,59593672,59593672,,T,9.37E-06,0.91,0.87,0.95,Naj et al. 2011,0.02293438156
329,rs536841,11,86076781,85787823,85465471,85465471,,C,1.17E-09,0.88,0.84,0.92,Naj et al. 2011,0.02373470185
330,rs539360,11,60072208,59839681,59596257,59596257,,A,1.02E-05,0.91,0.87,0.95,Naj et al. 2011,0.02293438156
331,rs541458,11,86077308,85788350,85465998,85465998,,C,1.23E-09,0.88,0.84,0.92,Naj et al. 2011,0.02373470185
332,rs542126,11,86100195,85811237,85488885,85488885,,A,3.96E-09,0.89,0.85,0.92,Naj et al. 2011,0.02346179247
333,rs543019,13,94140249,94792503,93590504,93590504,,A,3.11E-03,1.08,1.03,1.13,Naj et al. 2011,0.02418481576
334,rs543293,11,86109034,85820076,85497724,85497724,,A,3.94E-11,0.87,0.83,0.91,Naj et al. 2011,0.02401403615
335,rs558678,11,60084639,59852112,59608688,59608688,,G,1.03E-05,0.91,0.87,0.95,Naj et al. 2011,0.02293438156
336,rs558788,11,60084604,59852077,59608653,59608653,,G,1.14E-05,0.91,0.87,0.95,Naj et al. 2011,0.02293438156
337,rs561646,11,86034994,85746036,85423684,85423684,,C,1.90E-09,0.88,0.85,0.92,Naj et al. 2011,0.01769671326
338,rs561655,11,86089236,85800278,85477926,85477926,,G,1.02E-10,0.87,0.84,0.91,Naj et al. 2011,0.0179037346
339,rs565031,11,85960457,85671500,85349148,85349148,,A,2.27E-06,0.91,0.87,0.95,Naj et al. 2011,0.02293438156
340,rs567075,11,86119114,85830156,85507804,85507804,,T,2.06E-11,0.87,0.83,0.9,Naj et al. 2011,0.02401403615
341,rs573167,11,86120203,85831245,85508893,85508893,,G,6.35E-11,0.87,0.84,0.91,Naj et al. 2011,0.0179037346
342,rs5767998,22,47800272,48196021,46574685,46516540,,A,5.79E-05,0.91,0.87,0.95,Naj et al. 2011,0.02293438156
343,rs5768002,22,47804030,48199779,46578443,46520298,,G,4.42E-05,0.91,0.87,0.95,Naj et al. 2011,0.02293438156
344,rs5768003,22,47805264,48201013,46579677,46521532,,C,9.90E-05,0.91,0.87,0.96,Naj et al. 2011,0.02293438156
345,rs5768005,22,47810606,48206355,46585019,46526874,,A,1.02E-04,0.91,0.87,0.96,Naj et al. 2011,0.02293438156
346,rs579721,11,60066844,59834317,59590893,59590893,,A,1.13E-05,0.91,0.87,0.95,Naj et al. 2011,0.02293438156
347,rs582747,19,45204658,45707916,50399756,50399756,,G,1.11E-09,1.19,1.13,1.26,Naj et al. 2011,0.02639575224
348,rs583791,11,60179778,59947251,59703827,59703827,,C,3.35E-07,0.9,0.87,0.94,Naj et al. 2011,0.01729671004
349,rs586274,11,86103443,85814485,85492133,85492133,,T,3.50E-11,0.87,0.83,0.91,Naj et al. 2011,0.02401403615
350,rs597668,19,45205629,45708887,50400727,50400727,,C,7.71E-10,1.18,1.12,1.25,Naj et al. 2011,0.02662538427
351,rs6008401,22,47813258,48209007,46587671,46529526,,T,4.04E-05,0.91,0.87,0.95,Naj et al. 2011,0.02293438156
352,rs6013418,20,52254397,50870936,50304343,50304343,,T,3.76E-03,1.1,1.03,1.18,Naj et al. 2011,0.03354662121
353,rs602222,11,86007187,85718230,85395878,85395878,,G,1.71E-09,0.88,0.84,0.92,Naj et al. 2011,0.02373470185
354,rs603648,11,60245199,60012672,59769248,59769248,,A,1.89E-09,0.89,0.85,0.92,Naj et al. 2011,0.02346179247
355,rs605003,19,45204980,45708238,50400078,50400078,,G,9.25E-10,1.19,1.12,1.26,Naj et al. 2011,0.0309309295
356,rs606757,19,45204571,45707829,50399669,50399669,,C,6.39E-07,1.17,1.1,1.24,Naj et al. 2011,0.03147631072
357,rs609903,11,86029366,85740408,85418056,85418056,,A,1.92E-09,0.88,0.85,0.92,Naj et al. 2011,0.01769671326
358,rs610352,11,60229494,59996967,59753543,59753543,,G,2.99E-08,0.9,0.86,0.93,Naj et al. 2011,0.02319508881
359,rs610932,11,60171833,59939306,59695882,59695882,,T,4.29E-07,0.9,0.87,0.94,Naj et al. 2011,0.01729671004
360,rs611267,11,60237794,60005267,59761843,59761843,,A,4.01E-08,0.9,0.86,0.93,Naj et al. 2011,0.02319508881
361,rs611418,11,60243539,60011012,59767588,59767588,,C,2.07E-09,0.89,0.85,0.92,Naj et al. 2011,0.02346179247
362,rs624663,11,60177591,59945064,59701640,59701640,,C,3.73E-07,0.9,0.87,0.94,Naj et al. 2011,0.01729671004
363,rs631853,11,60177424,59944897,59701473,59701473,,T,3.86E-07,0.9,0.87,0.94,Naj et al. 2011,0.01729671004
364,rs632185,11,60183959,59951432,59708008,59708008,,A,3.18E-07,0.9,0.87,0.94,Naj et al. 2011,0.01729671004
365,rs6431223,2,127137910,127895486,127611956,127611716,,A,3.71E-08,0.86,0.82,0.91,Naj et al. 2011,0.02430002499
366,rs645299,11,85980766,85691809,85369457,85369457,,C,1.51E-09,0.88,0.84,0.92,Naj et al. 2011,0.02373470185
367,rs6480910,10,78934396,80694153,80364159,80364159,,T,6.02E-03,0.94,0.9,0.98,Naj et al. 2011,0.0221862816
368,rs6498673,16,17289440,17383297,17290798,17290798,,A,2.18E-03,0.94,0.9,0.98,Naj et al. 2011,0.0221862816
369,rs655231,11,60246383,60013856,59770432,59770432,,G,1.82E-09,0.88,0.85,0.92,Naj et al. 2011,0.01769671326
370,rs6556439,5,159644658,159071665,159004243,159004243,,A,2.18E-03,1.07,1.03,1.12,Naj et al. 2011,0.01943869706
371,rs659023,11,86113816,85824858,85502506,85502506,,A,3.02E-10,0.88,0.84,0.91,Naj et al. 2011,0.02373470185
372,rs6591559,11,60258091,60025564,59782140,59782140,,A,1.87E-09,0.88,0.85,0.92,Naj et al. 2011,0.01769671326
373,rs6602515,10,11700673,11742672,11782678,11782678,,G,3.24E-03,0.93,0.88,0.98,Naj et al. 2011,0.02819524422
374,rs662196,11,60175283,59942756,59699332,59699332,,C,4.36E-07,0.9,0.87,0.94,Naj et al. 2011,0.01729671004
375,rs6656401,1,207518703,207692048,205758671,204080443,,A,3.61E-11,1.18,1.12,1.24,Naj et al. 2011,0.02662538427
376,rs6664206,1,98375010,98840566,98613154,98552587,,T,3.79E-04,0.89,0.84,0.95,Naj et al. 2011,0.02949978107
377,rs667897,11,60169505,59936978,59693554,59693554,,G,3.80E-06,0.91,0.88,0.95,Naj et al. 2011,0.01710341431
378,rs669813,11,86051201,85762243,85439891,85439891,,C,9.57E-10,0.88,0.84,0.92,Naj et al. 2011,0.02373470185
379,rs6701713,1,207612943,207786288,205852911,204174683,,A,5.21E-11,1.17,1.12,1.23,Naj et al. 2011,0.02228319566
380,rs6710467,2,127132355,127889931,127606401,127606161,,A,4.61E-05,1.11,1.06,1.17,Naj et al. 2011,0.02351587102
381,rs672399,11,60252638,60020111,59776687,59776687,,T,1.84E-09,0.89,0.85,0.92,Naj et al. 2011,0.02346179247
382,rs676733,11,86022966,85734009,85411657,85411657,,C,2.03E-09,0.88,0.85,0.92,Naj et al. 2011,0.01769671326
383,rs677909,11,86046546,85757588,85435236,85435236,,C,2.06E-09,0.88,0.85,0.92,Naj et al. 2011,0.01769671326
384,rs682026,18,55558405,53225636,51376634,51376634,,T,6.86E-03,1.22,1.06,1.42,Naj et al. 2011,0.07172548501
385,rs682928,11,86030087,85741129,85418777,85418777,,C,1.92E-09,0.88,0.85,0.92,Naj et al. 2011,0.01769671326
386,rs6857,19,44888996,45392253,50084093,50084093,,T,0.00E+00,3.08,2.91,3.26,Naj et al. 2011,0.0289676101
387,rs6859,19,44878776,45382033,50073873,50073873,,A,5.65E-74,1.47,1.41,1.53,Naj et al. 2011,0.0212615798
388,rs6921307,6,37541223,37508999,37616977,37616977,,C,5.32E-04,1.07,1.03,1.11,Naj et al. 2011,0.01943869706
389,rs694011,11,86048985,85760027,85437675,85437675,,T,2.06E-09,0.88,0.85,0.92,Naj et al. 2011,0.01769671326
390,rs6971558,7,100482233,100079856,99917792,99724507,,A,8.95E-05,0.92,0.88,0.96,Naj et al. 2011,0.0226794707
391,rs7093099,10,10948978,10990941,11030947,11030947,,T,1.44E-03,0.92,0.87,0.97,Naj et al. 2011,0.02851043796
392,rs7107627,11,60273822,60041295,59797871,59797871,,T,9.73E-10,0.88,0.85,0.92,Naj et al. 2011,0.01769671326
393,rs7108663,11,60260668,60028141,59784717,59784717,,C,2.26E-09,0.89,0.85,0.92,Naj et al. 2011,0.02346179247
394,rs7110631,11,86145144,85856186,85533834,85533834,,C,3.13E-10,0.87,0.84,0.91,Naj et al. 2011,0.0179037346
395,rs7114401,11,86128892,85839934,85517582,85517582,,C,7.56E-09,0.89,0.86,0.93,Naj et al. 2011,0.01749442524
396,rs714948,19,44662644,45165911,49857751,49857751,,A,6.17E-12,1.27,1.19,1.36,Naj et al. 2011,0.03319571089
397,rs7175782,15,24905939,25151086,22702179,22702179,,A,1.27E-04,1.09,1.04,1.14,Naj et al. 2011,0.02395764443
398,rs718376,11,60235461,60002934,59759510,59759510,,A,1.81E-08,0.89,0.85,0.92,Naj et al. 2011,0.02346179247
399,rs7206295,16,31325197,31336518,31244019,31244019,,T,3.09E-04,0.93,0.89,0.97,Naj et al. 2011,0.02243016501
400,rs7247121,19,21978687,22161489,21953329,21953329,,T,1.95E-03,0.94,0.91,0.98,Naj et al. 2011,0.01654861008
401,rs7248488,19,22005906,22188708,21980548,21980548,,A,1.99E-03,0.94,0.91,0.98,Naj et al. 2011,0.01654861008
402,rs7249082,19,45207017,45710275,50402115,50402115,,G,5.36E-10,1.19,1.13,1.25,Naj et al. 2011,0.02639575224
403,rs7250924,19,45082447,45585705,50277545,50277545,,T,5.11E-07,0.89,0.85,0.93,Naj et al. 2011,0.02346179247
404,rs725206,10,6353032,6394994,6435000,6435000,,T,2.28E-02,0.95,0.91,0.99,Naj et al. 2011,0.02194764545
405,rs7253518,19,21962864,22145666,21937506,21937506,,C,1.55E-03,0.94,0.9,0.98,Naj et al. 2011,0.0221862816
406,rs7254776,19,44724477,45227741,49919581,49919581,,C,9.23E-20,0.82,0.78,0.85,Naj et al. 2011,0.0255155207
407,rs7359852,19,44832777,45336034,50027874,50027874,,C,6.02E-49,1.37,1.31,1.42,Naj et al. 2011,0.02284877685
408,rs744373,2,127137038,127894614,127611084,127610844,,G,1.73E-12,1.17,1.12,1.22,Naj et al. 2011,0.02228319566
409,rs7480193,11,86150376,85861418,85539066,85539066,,A,6.15E-05,1.11,1.05,1.17,Naj et al. 2011,0.02835196487
410,rs7547341,1,34625293,35090894,34863481,34759987,,C,1.83E-03,0.85,0.77,0.94,Naj et al. 2011,0.05043154828
411,rs7561528,2,127132060,127889636,127606106,127605866,,A,5.21E-14,1.17,1.12,1.22,Naj et al. 2011,0.02228319566
412,rs760345,21,14521272,15893593,14815464,14815464,,C,1.22E-03,1.07,1.03,1.11,Naj et al. 2011,0.01943869706
413,rs7619989,3,187013960,186731748,188214442,188214450,,G,1.81E-03,1.07,1.02,1.11,Naj et al. 2011,0.02441633734
414,rs7738044,6,47501536,47469272,47577231,47577231,,G,3.76E-06,1.11,1.06,1.15,Naj et al. 2011,0.02351587102
415,rs7749167,6,47526203,47493939,47601898,47601898,,A,3.62E-06,1.11,1.06,1.15,Naj et al. 2011,0.02351587102
416,rs7754282,6,47534287,47502023,47609982,47609982,,C,3.64E-06,1.11,1.06,1.15,Naj et al. 2011,0.02351587102
417,rs7770091,6,82731006,83440723,83497442,83497442,,A,1.00E-02,0.92,0.87,0.98,Naj et al. 2011,0.02851043796
418,rs7791618,7,138224928,137909674,137560214,137366929,,G,1.93E-02,1.06,1.01,1.11,Naj et al. 2011,0.02465233534
419,rs7926344,11,60194692,59962165,59718741,59718741,,A,8.31E-09,0.89,0.85,0.93,Naj et al. 2011,0.02346179247
420,rs7933202,11,60169452,59936925,59693501,59693501,,C,9.90E-09,0.89,0.85,0.93,Naj et al. 2011,0.02346179247
421,rs7934041,11,81316760,81027803,80705451,80705451,,T,3.32E-04,0.91,0.86,0.96,Naj et al. 2011,0.02883276034
422,rs7935829,11,60175341,59942814,59699390,59699390,,G,5.15E-09,0.89,0.85,0.92,Naj et al. 2011,0.02346179247
423,rs7941541,11,86147495,85858537,85536185,85536185,,G,5.15E-10,0.87,0.84,0.91,Naj et al. 2011,0.0179037346
424,rs7966420,12,131213200,131697745,130263698,130222625,,A,8.15E-03,0.95,0.91,0.99,Naj et al. 2011,0.02194764545
425,rs7980440,12,131204526,131689071,130255024,130213951,,C,7.50E-04,0.93,0.89,0.97,Naj et al. 2011,0.02243016501
426,rs7990072,13,46952859,47526994,46424995,46424995,,G,5.03E-04,1.08,1.04,1.13,Naj et al. 2011,0.01925526938
427,rs8042172,15,50640783,50932980,48720272,48720272,,C,3.30E-04,0.92,0.87,0.96,Naj et al. 2011,0.02851043796
428,rs8100239,19,44749846,45253103,49944943,49944943,,A,6.77E-15,0.82,0.78,0.86,Naj et al. 2011,0.0255155207
429,rs8101981,19,16033775,16144585,16005585,16005585,,G,5.67E-03,0.95,0.91,0.98,Naj et al. 2011,0.02194764545
430,rs8103214,19,21976189,22158991,21950831,21950831,,C,2.12E-03,0.94,0.91,0.98,Naj et al. 2011,0.01654861008
431,rs8103315,19,44750910,45254167,49946007,49946007,,A,1.93E-21,1.35,1.27,1.43,Naj et al. 2011,0.03116718979
432,rs8105340,19,44864519,45367776,50059616,50059616,,C,3.82E-09,1.22,1.14,1.3,Naj et al. 2011,0.03460336548
433,rs8106922,19,44898408,45401665,50093505,50093505,,G,1.10E-61,0.69,0.66,0.72,Naj et al. 2011,0.0226794707
434,rs8108152,19,22051398,22234200,22026040,22026040,,A,5.50E-04,0.93,0.9,0.97,Naj et al. 2011,0.01672950144
435,rs8132898,21,14522658,15894979,14816850,14816850,,C,7.64E-04,1.07,1.03,1.11,Naj et al. 2011,0.01943869706
436,rs8184974,22,47802441,48198190,46576854,46518709,,A,4.68E-05,0.91,0.87,0.95,Naj et al. 2011,0.02293438156
437,rs846848,19,44570930,45074176,49766016,49766016,,G,1.17E-05,0.88,0.83,0.93,Naj et al. 2011,0.02984500341
438,rs867611,11,86065501,85776543,85454191,85454191,,G,2.75E-09,0.88,0.85,0.92,Naj et al. 2011,0.01769671326
439,rs878655,7,25915435,25955055,25921580,25728295,,G,8.24E-05,1.2,1.09,1.31,Naj et al. 2011,0.04905299008
440,rs889551,16,31249100,31260421,31167922,31167922,,A,1.54E-04,0.92,0.88,0.96,Naj et al. 2011,0.0226794707
441,rs920573,11,60157485,59924958,59681534,59681534,,A,9.80E-08,0.9,0.86,0.93,Naj et al. 2011,0.02319508881
442,rs9296558,6,47484146,47451882,47559841,47559841,,T,3.70E-06,1.11,1.06,1.16,Naj et al. 2011,0.02351587102
443,rs9296559,6,47484533,47452269,47560228,47560228,,C,1.11E-05,1.1,1.06,1.15,Naj et al. 2011,0.018898608
444,rs9296561,6,47521201,47488937,47596896,47596896,,A,4.95E-06,1.1,1.06,1.15,Naj et al. 2011,0.018898608
445,rs9304993,19,21995882,22178684,21970524,21970524,,A,1.97E-03,0.94,0.91,0.98,Naj et al. 2011,0.01654861008
446,rs9312400,4,189492487,190413641,190650635,190788790,,T,1.37E-02,0.94,0.9,0.99,Naj et al. 2011,0.0221862816
447,rs932548,22,47804797,48200546,46579210,46521065,,T,8.49E-05,0.91,0.87,0.96,Naj et al. 2011,0.02293438156
448,rs932550,22,47804851,48200600,46579264,46521119,,A,9.09E-05,0.91,0.87,0.96,Naj et al. 2011,0.02293438156
449,rs9349407,6,47485641,47453377,47561336,47561336,,C,2.05E-06,1.12,1.07,1.17,Naj et al. 2011,0.0233010392
450,rs9349413,6,47543754,47511490,47619449,47619449,,G,3.65E-06,1.11,1.06,1.15,Naj et al. 2011,0.02351587102
451,rs9349416,6,47584201,47551937,47659896,47659896,,A,4.02E-06,1.11,1.06,1.15,Naj et al. 2011,0.02351587102
452,rs9367279,6,47480599,47448335,47556294,47556294,,G,3.54E-06,1.11,1.06,1.16,Naj et al. 2011,0.02351587102
453,rs9369716,6,47584443,47552179,47660138,47660138,,T,4.01E-06,1.11,1.06,1.15,Naj et al. 2011,0.02351587102
454,rs9369717,6,47586731,47554467,47662426,47662426,,G,3.99E-06,1.11,1.06,1.15,Naj et al. 2011,0.02351587102
455,rs9381563,6,47464900,47432636,47540595,47540595,,C,4.41E-07,1.11,1.07,1.15,Naj et al. 2011,0.01872518717
456,rs9381578,6,47588897,47556633,47664592,47664592,,T,4.01E-06,1.11,1.06,1.15,Naj et al. 2011,0.02351587102
457,rs9392234,6,918300,918549,863549,863549,,T,2.06E-05,0.91,0.87,0.95,Naj et al. 2011,0.02293438156
458,rs9395283,6,47583707,47551443,47659402,47659402,,C,4.03E-06,1.11,1.06,1.15,Naj et al. 2011,0.02351587102
459,rs9395285,6,47586440,47554176,47662135,47662135,,A,3.99E-06,1.11,1.06,1.15,Naj et al. 2011,0.02351587102
460,rs9395286,6,47607595,47575331,47683290,47683290,,C,4.02E-06,1.11,1.06,1.15,Naj et al. 2011,0.02351587102
461,rs9395288,6,47630388,47598124,47706083,47706083,,T,3.07E-06,1.12,1.07,1.17,Naj et al. 2011,0.0233010392
462,rs9480861,6,108537256,108858459,108965152,108965152,,T,1.84E-04,0.93,0.89,0.96,Naj et al. 2011,0.02243016501
463,rs9546986,13,84969017,85543152,84441153,84441153,,G,4.61E-03,0.95,0.91,0.98,Naj et al. 2011,0.02194764545
464,rs9673519,16,31336235,31347556,31255057,31255057,,T,3.18E-04,0.93,0.89,0.97,Naj et al. 2011,0.02243016501
465,rs9817455,3,155343334,155061123,156543817,156543825,,G,7.06E-04,0.88,0.82,0.95,Naj et al. 2011,0.03602937103
466,rs9852548,3,77188918,77238069,77320759,77320759,,A,1.29E-03,0.93,0.89,0.97,Naj et al. 2011,0.02243016501
467,rs9857299,3,77189729,77238880,77321570,77321570,,T,1.30E-03,0.93,0.89,0.97,Naj et al. 2011,0.02243016501
468,rs9877746,3,77190020,77239171,77321861,77321861,,C,1.30E-03,0.93,0.89,0.97,Naj et al. 2011,0.02243016501
469,rs9884117,4,189492803,190413957,190650951,190789106,,A,1.13E-02,0.94,0.9,0.99,Naj et al. 2011,0.0221862816
470,rs9997163,4,189454330,190375484,190612478,190750633,,A,6.74E-03,0.94,0.9,0.98,Naj et al. 2011,0.0221862816