id,snp,hg38,hg19,hg18,hg17,gene,ethnicity,raf,riskAllele,pValue,oddsRatio,lowerCI,upperCI,selnOR,study,cohort,citations
1,rs11420276,1:43718521,1:44184192,1:43956779,1:43853285,ST3GAL3|KDM4A|KDM4A-AS1|PTPRF|SLC6A9|ARTN|DPH2|ATP6V0B|B4GALT2|CCDC24|IPO13,East Asian|NR|European,0.696,G,2.14E-13,1.11305,,,,Demontis et al. 2018,55344,230
2,rs11591402,10:104987596,10:106747354,10:106737344,10:106737344,SORCS3,East Asian|NR|European,0.224,A,1.34E-08,0.91174,,,,Demontis et al. 2018,55344,230
3,rs1222063,1:96136884,1:96602440,1:96375028,1:96314461,Intergenic,East Asian|NR|European,0.328,A,3.07E-08,1.10098,,,,Demontis et al. 2018,55344,230
4,rs1427829,12:89366967,12:89760744,12:88284875,12:88263212,DUSP6|POC1B,East Asian|NR|European,0.434,A,1.82E-09,1.08567,,,,Demontis et al. 2018,55344,230
5,rs212178,16:72544232,16:72578131,16:71135632,16:71135632,LINC01572,East Asian|NR|European,0.883,A,7.68E-09,0.8895,,,,Demontis et al. 2018,55344,230
6,rs281324,15:47461821,15:47754018,15:45541310,15:45541310,SEMA6D,East Asian|NR|European,0.531,T,2.68E-08,0.9245,,,,Demontis et al. 2018,55344,230
7,rs28411770,4:31149834,4:31151456,4:30760554,4:30827725,PCDH7|LINC02497,East Asian|NR|European,0.651,T,1.15E-08,1.08992,,,,Demontis et al. 2018,55344,230
8,rs4858241,3:20627579,3:20669071,3:20644075,3:20644075,Intergenic,East Asian|NR|European,0.622,T,1.74E-08,1.08567,,,,Demontis et al. 2018,55344,230
9,rs4916723,5:88558577,5:87854395,5:87890151,5:87890151,LINC00461|MIR9-2|LINC02060|TMEM161B-AS1,East Asian|NR|European,0.573,A,1.58E-08,0.92515,,,,Demontis et al. 2018,55344,230
10,rs5886709,7:114446078,7:114086133,7:113873369,7:113680084,FOXP2|MIR3666,East Asian|NR|European,0.463,G,1.66E-08,1.07993,,,,Demontis et al. 2018,55344,230
11,rs74760947,8:34495092,8:34352610,8:34472152,8:34472152,LINC01288,East Asian|NR|European,0.957,A,1.35E-08,0.8356,,,,Demontis et al. 2018,55344,230
12,rs9677504,2:214317165,2:215181889,2:214890134,2:215007395,SPAG16,East Asian|NR|European,0.109,A,1.39E-08,1.12019,,,,Demontis et al. 2018,55344,230
28,rs10767556,11:26602166,11:26623713,11:26580289,11:26580289,ANO3,European,,G,2.80E-06,2.029,1.509,2.728,0.151069327,Hawi et al. 2018,1688,0
38,rs112686226,21:33155073,21:34527379,21:33449249,21:33449249,74:9 kbp upstream of IFNAR2,European,,G,5.78E-06,2.903,1.831,4.602,0.235144092,Hawi et al. 2018,1688,0
14,rs1172198,1:205693590,1:205662718,1:203929341,1:202394375,SLC45A3|NUCKS1,European,,A,9.53E-06,1.699,1.344,2.149,0.119586531,Hawi et al. 2018,1688,0
24,rs13439086,8:8516736,8:8374246,8:8411656,8:8411656,198:9 kbp upstream of SGK223,European,,C,5.91E-06,2.162,1.549,3.018,0.170114366,Hawi et al. 2018,1688,0
39,rs2015560,21:24656576,21:26028890,21:24950761,21:24950761,,European,,G,1.86E-06,0.3596,0.2362,0.5475,0.214445612,Hawi et al. 2018,1688,0
23,rs2410116,8:13815938,8:13673447,8:13717818,8:13717818,300:2 kbp upstream of DLC1,European,,A,4.06E-07,0.4991,0.3814,0.6531,0.137223359,Hawi et al. 2018,1688,0
35,rs2733140,18:30783574,18:28363540,18:26617538,18:26617538,250:2 kbp downstream DSC3,European,,T,1.18E-05,0.5769,0.4511,0.7378,0.125499947,Hawi et al. 2018,1688,0
29,rs28609353,11:55884182,11:55651658,11:55408234,11:55408234,TRIM51,European,,C,3.74E-06,0.4698,0.3411,0.6471,0.163332338,Hawi et al. 2018,1688,0
19,rs28612433,4:25262751,4:25264373,4:24873471,4:24940642,PI4K2B,European,,T,1.01E-06,0.5385,0.4202,0.6902,0.126559545,Hawi et al. 2018,1688,0
26,rs35289513,9:18263815,9:18263813,9:18253813,9:18253813,210:3 kbp upstream of ADAMTSL1,European,,G,1.03E-05,3.038,1.854,4.978,0.251966294,Hawi et al. 2018,1688,0
36,rs35624673,19:8069732,19:8134616,19:8040616,19:8040616,FBN3,European,,T,1.84E-06,0.5497,0.4299,0.7029,0.125418394,Hawi et al. 2018,1688,0
21,rs4615440,6:963257,6:963496,6:908496,6:908496,LOC285768,European,,G,1.05E-05,1.781,1.378,2.302,0.13088869,Hawi et al. 2018,1688,0
16,rs4673294,2:204324360,2:205189083,2:204897328,2:205014589,221:5 kbp upstream of PARD3B,European,,G,5.43E-06,0.5462,0.4209,0.7089,0.132954048,Hawi et al. 2018,1688,0
33,rs4778174,15:27724420,15:27969566,15:25643161,15:25643161,30:5 kbp downstream of OCA2,European,,A,1.07E-06,0.5353,0.4164,0.6881,0.128153572,Hawi et al. 2018,1688,0
32,rs61975260,14:88429597,14:88895941,14:87965694,14:87965694,SPATA7,European,,G,5.97E-07,0.494,0.3745,0.6516,0.141297813,Hawi et al. 2018,1688,0
13,rs6686722,1:175764827,1:175733963,1:174000586,1:172465620,22:8 kbp upstream of TNR,European,,T,3.15E-08,0.4167,0.3056,0.5682,0.158208919,Hawi et al. 2018,1688,0
25,rs7035982,9:27417409,9:27417407,9:27407407,9:27407407,MOB3B,European,,A,1.01E-05,1.757,1.368,2.257,0.127682648,Hawi et al. 2018,1688,0
37,rs77224013,21:33171540,21:34543845,21:33465715,21:33465715,58:4 kbp upstream of IFNAR2,European,,A,9.65E-07,3.869,2.252,6.647,0.276110901,Hawi et al. 2018,1688,0
18,rs938524,3:136802366,3:136521208,3:138003898,3:138003906,SLC35G2|STAG1,European,,G,1.13E-05,0.5791,0.4538,0.739,0.124397246,Hawi et al. 2018,1688,0
30,rs9545903,13:81872778,13:82446913,13:81344914,13:81344914,,European,,C,6.91E-06,1.747,1.37,2.228,0.124025149,Hawi et al. 2018,1688,0
51,rs10515549,5:145317926,5:144697489,5:144677682,5:144677682,MGC21644,European,0.43,G,6.55E-05,1.34,,,,Hinney et al. 2011,1795,68
59,rs10838881,11:48365723,11:48387275,11:48343851,11:48343851,OR4C3,European,0.85,T,2.24E-05,1.66,,,,Hinney et al. 2011,1795,68
55,rs11142062,9:88043834,9:90658749,9:89848569,9:87888303,CCRK,European,0.1,T,2.05E-05,1.59,,,,Hinney et al. 2011,1795,68
52,rs11757000,6:28517092,6:28484869,6:28592848,6:28592848,GPX6,European,0.85,T,1.17E-05,1.72,,,,Hinney et al. 2011,1795,68
47,rs13119057,4:46805484,4:46807501,4:46502258,4:46648429,COX7B2,European,0.24,T,1.86E-05,1.43,,,,Hinney et al. 2011,1795,68
54,rs13270024,8:141191378,8:142201477,8:142270659,8:142270659,DENND3,European,0.16,C,5.75E-05,1.46,,,,Hinney et al. 2011,1795,68
46,rs1430961,4:89631769,4:90552920,4:90771943,4:90910098,SNCA,European,0.07,C,1.49E-05,1.76,,,,Hinney et al. 2011,1795,68
64,rs1623319,12:75876976,12:76270756,12:74557023,12:74557023,PHLDA1,European,0.23,A,7.57E-05,1.38,,,,Hinney et al. 2011,1795,68
63,rs17031719,12:101628486,12:102022264,12:100546395,12:100524732,MYBPC1,European,0.15,G,1.62E-05,1.53,,,,Hinney et al. 2011,1795,68
43,rs1859063,2:129606158,2:130363731,2:130080201,2:130079961,LOC151121,European,0.02,G,5.83E-05,2.35,,,,Hinney et al. 2011,1795,68
50,rs2114961,5:135238542,5:134574232,5:134602131,5:134602131,H2AFY,European,0.72,T,2.70E-05,1.46,,,,Hinney et al. 2011,1795,68
60,rs2509689,11:102497988,11:102368719,11:101873929,11:101873929,MMP7,European,0.78,C,2.84E-05,1.52,,,,Hinney et al. 2011,1795,68
67,rs2532274,17:46169798,17:44247164,17:41602941,17:41602941,KIAA1267,European,0.2,C,5.82E-06,1.49,,,,Hinney et al. 2011,1795,68
41,rs2556378,2:60535367,2:60762502,2:60616006,2:60674153,BCL11A,European,0.14,T,8.38E-07,1.61,,,,Hinney et al. 2011,1795,68
44,rs2580817,2:231934013,2:232798723,2:232506967,2:232624228,NPPC,European,0.1,A,6.15E-05,1.54,,,,Hinney et al. 2011,1795,68
56,rs2773822,9:132985646,9:135861033,9:134850854,9:132890587,GFI1B,European,0.86,C,5.04E-05,1.66,,,,Hinney et al. 2011,1795,68
61,rs3741410,11:48147112,11:48168664,11:48125240,11:48125240,PTPRJ,European,0.84,A,3.84E-05,1.62,,,,Hinney et al. 2011,1795,68
68,rs3760201,17:21290306,17:21193618,17:21134211,17:21134211,MAP2K3,European,0.67,T,2.05E-05,1.44,,,,Hinney et al. 2011,1795,68
48,rs4549394,4:128510143,4:129431298,4:129650748,4:129788903,PGRMC2,European,0.13,T,3.58E-05,1.52,,,,Hinney et al. 2011,1795,68
69,rs4804149,19:11173352,19:11284028,19:11145028,19:11145028,ANKRD25,European,0.27,C,1.20E-05,1.42,,,,Hinney et al. 2011,1795,68
57,rs5016282,11:89008492,11:88741660,11:88381308,11:88381308,GRM5,European,0.86,A,1.78E-06,1.85,,,,Hinney et al. 2011,1795,68
53,rs6458351,6:43823343,6:43791080,6:43899058,6:43899058,VEGF,European,0.07,T,1.39E-05,1.72,,,,Hinney et al. 2011,1795,68
40,rs650957,1:191460097,1:191429227,1:189695850,1:188160884,RGS18,European,0.42,T,7.38E-05,1.33,,,,Hinney et al. 2011,1795,68
62,rs655824,11:120963771,11:120834480,11:120339690,11:120339690,GRIK4,European,0.04,C,3.98E-05,1.85,,,,Hinney et al. 2011,1795,68
42,rs6732434,2:182036530,2:182901257,2:182609502,2:182726763,SSFA2,European,0.24,A,4.68E-05,1.41,,,,Hinney et al. 2011,1795,68
58,rs7105122,11:47427993,11:47449544,11:47406120,11:47406120,PSMC3,European,0.71,C,9.10E-06,1.47,,,,Hinney et al. 2011,1795,68
49,rs7694947,4:22574786,4:22576409,4:22185507,4:22252678,GPR125,European,0.51,T,4.22E-05,1.36,,,,Hinney et al. 2011,1795,68
65,rs7984422,13:92156436,13:92808689,13:91606690,13:91606690,GPC5,European,0.02,A,1.42E-05,2.41,,,,Hinney et al. 2011,1795,68
45,rs9844608,3:33733082,3:33774574,3:33749578,3:33749578,CLASP2,European,0.67,A,9.31E-06,1.45,,,,Hinney et al. 2011,1795,68
66,rs9929758,16:84397175,16:84430781,16:82988282,16:82988282,KIAA0703,European,0.83,T,5.47E-05,1.57,,,,Hinney et al. 2011,1795,68
74,rs10011926,4:110105771,4:111026927,4:111246376,4:111384531,ELOVL6,NR|European,0.217,A,8.07E-06,0.67,,,,Mick et al. 2010,2205,98
82,rs10120476,9:108237036,9:110999316,9:110039137,9:108078871,LOC392382,NR|European,0.01,T,1.18E-05,9,,,,Mick et al. 2010,2205,98
80,rs10487524,7:145144438,7:144841531,7:144472464,7:144279179,LOC643308,NR|European,0.146,T,9.12E-06,1.6,,,,Mick et al. 2010,2205,98
83,rs10833716,11:22186181,11:22207727,11:22164303,11:22164303,TMEM16E,NR|European,0.178,C,9.66E-06,0.65,,,,Mick et al. 2010,2205,98
86,rs11074889,16:10539308,16:10633165,16:10540666,16:10540666,EMP2,NR|European,0.156,A,6.71E-07,1.68,,,,Mick et al. 2010,2205,98
75,rs11953346,5:94805742,5:94141447,5:94167203,5:94167203,MCTP1,NR|European,0.364,C,1.59E-05,0.71,,,,Mick et al. 2010,2205,98
72,rs17023218,3:29301226,3:29342717,3:29317721,3:29317721,RBMS3,NR|European,0.217,A,1.88E-05,0.68,,,,Mick et al. 2010,2205,98
73,rs1859156,4:94912883,4:95834034,4:96053057,4:96191212,BMPR1B,NR|European,0.206,T,2.05E-06,0.65,,,,Mick et al. 2010,2205,98
88,rs2107654,17:65636955,17:63633073,17:61063535,17:61063535,CCDC46,NR|European,0.492,T,1.52E-05,0.72,,,,Mick et al. 2010,2205,98
70,rs2602381,2:233675678,2:234584324,2:234249063,2:234366324,UGT1A9,NR|European,0.477,A,3.85E-06,1.42,,,,Mick et al. 2010,2205,98
89,rs2823819,21:16455971,21:17828291,21:16750162,21:16750162,C21orf34,NR|European,0.176,C,6.70E-07,1.65,,,,Mick et al. 2010,2205,98
81,rs4132831,8:134943565,8:135955808,8:136024990,8:136024990,LOC645809,NR|European,0.367,A,1.70E-05,0.72,,,,Mick et al. 2010,2205,98
77,rs438259,6:9030103,6:9030336,6:8975335,6:8975335,LOC389365,NR|European,0.278,A,3.71E-06,1.49,,,,Mick et al. 2010,2205,98
85,rs4923705,15:36001404,15:36293605,15:34080897,15:34080897,ATPBD4,NR|European,0.267,C,2.40E-06,1.51,,,,Mick et al. 2010,2205,98
84,rs6561686,13:52714959,13:53289094,13:52187095,13:52187095,LECT1,NR|European,0.048,C,2.08E-05,0.47,,,,Mick et al. 2010,2205,98
79,rs760609,6:114386936,6:114708100,6:114814793,6:114814793,LOC728614,NR|European,0.425,A,2.51E-05,1.37,,,,Mick et al. 2010,2205,98
76,rs7702178,5:172769994,5:172196997,5:172129603,5:172129603,DUSP1,NR|European,0.175,G,1.84E-05,1.53,,,,Mick et al. 2010,2205,98
87,rs8074751,17:65646424,17:63642542,17:61073004,17:61073004,CCDC46,NR|European,0.388,C,1.18E-06,0.69,,,,Mick et al. 2010,2205,98
78,rs9350410,6:22032781,6:22033010,6:22140989,6:22140989,LOC729167,NR|European,0.362,G,2.33E-05,1.39,,,,Mick et al. 2010,2205,98
71,rs9810857,3:143264057,3:142982899,3:144465589,3:144465597,SLC9A9,NR|European,0.491,T,6.41E-06,1.41,,,,Mick et al. 2010,2205,98
92,rs1050567,2:61332032,2:61559167,2:61412671,2:61470818,XPO1 3  untranslated region,European,0.11,T,2.89E-05,1.44,1.22,1.72,0.084587885,Stergiakouli et al. 2012,5808,140
107,rs11079828,17:45886736,17:43964102,17:41319893,17:41319893,HOXB1 Upstream,European,0.47,T,6.54E-06,1.32,1.17,1.49,0.061544892,Stergiakouli et al. 2012,5808,140
104,rs11175219,12:62255205,12:62648986,12:60935253,12:60935253,SRGAP1,European,0.12,T,1.06E-05,1.46,1.23,1.73,0.08746034,Stergiakouli et al. 2012,5808,140
90,rs11686538,2:224662091,2:225526808,2:225235052,2:225352313,DOCK10,European,0.29,G,1.27E-05,0.74,0.64,0.84,0.074072454,Stergiakouli et al. 2012,5808,140
91,rs1304358,2:197813104,2:198677828,2:198386073,2:198503334,PLCL1,European,0.49,C,1.27E-05,1.3,1.16,1.47,0.058134826,Stergiakouli et al. 2012,5808,140
106,rs1370072,13:54165804,13:54739939,13:53637940,13:53637940,,European,0.45,T,3.28E-05,1.29,1.14,1.45,0.063068345,Stergiakouli et al. 2012,5808,140
96,rs1490046,5:174461650,5:173888653,5:173821259,5:173821259,,European,0.08,A,2.87E-05,1.56,1.27,1.92,0.104933123,Stergiakouli et al. 2012,5808,140
97,rs1744062,6:137029742,6:137350879,6:137392572,6:137392572,IL20RA Within noncoding gene,European,0.43,G,4.16E-06,0.75,0.67,0.85,0.057548722,Stergiakouli et al. 2012,5808,140
102,rs2636788,10:97107174,10:98866931,10:98856921,10:98856921,SLIT1,European,0.17,G,2.74E-05,0.7,0.59,0.83,0.087223366,Stergiakouli et al. 2012,5808,140
100,rs3779312,7:77920375,7:77549692,7:77387628,7:77194343,MAGI2,European,0.21,T,8.38E-06,1.37,1.19,1.57,0.071866037,Stergiakouli et al. 2012,5808,140
101,rs406742,10:8843984,10:8885947,10:8925953,10:8925953,,European,0.26,G,1.49E-05,1.33,1.17,1.51,0.065395507,Stergiakouli et al. 2012,5808,140
95,rs42259,5:14439546,5:14439655,5:14492655,5:14492655,TRIO,European,0.17,T,6.76E-06,1.41,1.22,1.64,0.07384635,Stergiakouli et al. 2012,5808,140
103,rs616668,12:110020858,12:110458663,12:108943046,12:108921383,ATXN2,European,0.2,G,8.62E-06,1.38,1.2,1.59,0.071307113,Stergiakouli et al. 2012,5808,140
94,rs6815704,4:92772438,4:93693589,4:93912612,4:94050767,GRID2,European,0.15,A,2.09E-05,1.4,1.2,1.64,0.078648306,Stergiakouli et al. 2012,5808,140
98,rs7746680,6:45917588,6:45885325,6:45993303,6:45993303,,European,0.24,A,1.14E-05,1.35,1.18,1.54,0.068668446,Stergiakouli et al. 2012,5808,140
105,rs790531,13:49049379,13:49623515,13:48521516,13:48521516,DLEU2 Within noncoding gene,European,0.06,G,1.50E-05,1.62,1.3,2.02,0.112276472,Stergiakouli et al. 2012,5808,140
99,rs9384245,6:154880686,6:155201820,6:155243512,6:155293933,TIAM2,European,0.42,T,3.00E-05,0.77,0.68,0.87,0.063417202,Stergiakouli et al. 2012,5808,140
93,rs9842394,3:181378142,3:181095930,3:182578624,3:182578632,PEX5L,European,0.47,T,2.68E-05,0.77,0.69,0.87,0.055968835,Stergiakouli et al. 2012,5808,140
123,rs10049183,3:146821586,3:146539373,3:148022063,3:148022071,,European,,G,8.93E-05,1.4,1.18,1.66,0.087223366,Zayats et al. 2015,1358,48
139,rs10094824,8:116624624,8:117636863,8:117706044,8:117706044,,European,,T,6.41E-05,0.68,0.56,0.82,0.099059191,Zayats et al. 2015,1358,48
129,rs1012176,5:11320426,5:11320538,5:11373538,5:11373538,,European,,A,6.36E-05,0.66,0.54,0.81,0.102383008,Zayats et al. 2015,1358,48
121,rs1019897,3:146777916,3:146495703,3:147978393,3:147978401,,European,,C,2.55E-06,0.67,0.57,0.79,0.082470077,Zayats et al. 2015,1358,48
109,rs10779265,1:216518660,1:216692002,1:214758625,1:213080397,,European,,T,5.39E-05,0.7,0.59,0.83,0.087223366,Zayats et al. 2015,1358,48
166,rs10853291,18:3183356,18:3183354,18:3173354,18:3173354,,European,,T,7.91E-05,0.71,0.6,0.84,0.085885365,Zayats et al. 2015,1358,48
108,rs11121424,1:9451510,1:9511569,1:9434156,1:9445835,,European,,T,6.98E-05,0.66,0.54,0.81,0.102383008,Zayats et al. 2015,1358,48
158,rs11843091,13:71031442,13:71605574,13:70503575,13:70503575,,European,,A,1.86E-05,1.67,1.32,2.11,0.119995862,Zayats et al. 2015,1358,48
140,rs11987235,8:116629371,8:117641610,8:117710791,8:117710791,,European,,C,3.89E-05,0.64,0.52,0.79,0.105938451,Zayats et al. 2015,1358,48
154,rs1199984,13:37071478,13:37645615,13:36543615,13:36543615,,European,,G,8.37E-05,0.54,0.4,0.73,0.153114588,Zayats et al. 2015,1358,48
111,rs12027943,1:216520449,1:216693791,1:214760414,1:213082186,,European,,T,7.63E-05,0.71,0.6,0.84,0.085885365,Zayats et al. 2015,1358,48
134,rs12190678,6:84325121,6:85034839,6:85091558,6:85091558,,European,,A,5.05E-05,0.56,0.43,0.74,0.134771212,Zayats et al. 2015,1358,48
118,rs12497166,3:146750643,3:146468430,3:147951120,3:147951128,,European,,T,4.95E-06,0.68,0.57,0.8,0.090028795,Zayats et al. 2015,1358,48
114,rs13385986,2:193866638,2:194731362,2:194439607,2:194556868,,European,,C,5.41E-05,0.61,0.48,0.77,0.122282068,Zayats et al. 2015,1358,48
117,rs1393072,3:143302028,3:143020870,3:144503560,3:144503568,,European,,T,9.95E-05,1.46,1.21,1.77,0.095824529,Zayats et al. 2015,1358,48
133,rs1422069,5:115135373,5:114471070,5:114498969,5:114498969,,European,,A,1.86E-05,2.35,1.59,3.48,0.1993272,Zayats et al. 2015,1358,48
112,rs1437711,2:145759243,2:146516811,2:146233281,2:146350543,,European,,A,5.79E-05,1.45,1.21,1.73,0.092317958,Zayats et al. 2015,1358,48
124,rs1608002,3:146838304,3:146556091,3:148038781,3:148038789,,European,,G,1.43E-05,0.69,0.58,0.81,0.088603824,Zayats et al. 2015,1358,48
116,rs16860670,3:113222837,3:112941684,3:114424374,3:114424374,,European,,A,3.40E-05,0.51,0.37,0.7,0.163728429,Zayats et al. 2015,1358,48
113,rs1710630,2:160920235,2:161776746,2:161484992,2:161602253,,European,,C,8.46E-05,1.41,1.19,1.68,0.086549182,Zayats et al. 2015,1358,48
132,rs17137481,5:115134027,5:114469724,5:114497623,5:114497623,,European,,C,9.08E-06,2.22,1.56,3.16,0.180010905,Zayats et al. 2015,1358,48
148,rs1924422,13:36966077,13:37540214,13:36438214,13:36438214,,European,,G,5.78E-05,0.59,0.45,0.76,0.138201507,Zayats et al. 2015,1358,48
126,rs1978683,3:146853080,3:146570867,3:148053557,3:148053565,,European,,G,8.22E-05,0.71,0.6,0.84,0.085885365,Zayats et al. 2015,1358,48
125,rs2013690,3:146844637,3:146562424,3:148045114,3:148045122,,European,,C,1.98E-05,0.69,0.59,0.82,0.079882174,Zayats et al. 2015,1358,48
144,rs2016398,11:12164254,11:12185801,11:12142377,11:12142377,,European,,A,8.75E-05,0.64,0.51,0.8,0.115845638,Zayats et al. 2015,1358,48
152,rs2147169,13:37011528,13:37585665,13:36483665,13:36483665,,European,,C,5.04E-05,0.59,0.45,0.76,0.138201507,Zayats et al. 2015,1358,48
163,rs231674,17:3287239,17:3190533,17:3137283,17:3137283,,European,,A,4.27E-05,1.42,1.2,1.67,0.085885365,Zayats et al. 2015,1358,48
150,rs2323165,13:36995063,13:37569200,13:36467200,13:36467200,,European,,T,4.40E-05,0.58,0.45,0.76,0.129479858,Zayats et al. 2015,1358,48
155,rs2399397,13:37169529,13:37743666,13:36641666,13:36641666,,European,,T,9.77E-05,0.61,0.48,0.78,0.122282068,Zayats et al. 2015,1358,48
167,rs2625379,18:11052390,18:11052389,18:11042389,18:11042389,,European,,G,8.24E-05,1.4,1.18,1.65,0.087223366,Zayats et al. 2015,1358,48
146,rs2856244,11:114244919,11:114115641,11:113620851,11:113620851,,European,,A,8.69E-06,1.47,1.24,1.74,0.086811746,Zayats et al. 2015,1358,48
131,rs2974520,5:115116937,5:114452634,5:114480533,5:114480533,,European,,G,5.05E-05,2.17,1.49,3.15,0.191811759,Zayats et al. 2015,1358,48
168,rs3760948,19:4868790,19:4868802,19:4819802,19:4819802,,European,,T,7.59E-05,0.7,0.58,0.83,0.095945016,Zayats et al. 2015,1358,48
115,rs3770976,2:206553870,2:207418594,2:207126839,2:207244100,,European,,A,1.83E-05,1.57,1.27,1.92,0.108193224,Zayats et al. 2015,1358,48
160,rs4903004,14:72256024,14:72722732,14:71792485,14:71792485,,European,,C,5.79E-05,0.71,0.6,0.84,0.085885365,Zayats et al. 2015,1358,48
170,rs6034195,20:15456258,20:15436903,20:15384903,20:15384903,,European,,G,5.87E-05,1.43,1.2,1.7,0.089465759,Zayats et al. 2015,1358,48
171,rs6043561,20:15832999,20:15813644,20:15761644,20:15761644,,European,,C,7.47E-05,0.7,0.58,0.83,0.095945016,Zayats et al. 2015,1358,48
169,rs6079838,20:15455111,20:15435756,20:15383756,20:15383756,,European,,T,4.06E-05,1.44,1.21,1.72,0.088787119,Zayats et al. 2015,1358,48
135,rs6420722,6:121932748,6:122253894,6:122295593,6:122295593,,European,,G,5.79E-05,0.61,0.48,0.78,0.122282068,Zayats et al. 2015,1358,48
138,rs6469653,8:116619725,8:117631964,8:117701145,8:117701145,,European,,C,1.97E-05,0.68,0.57,0.81,0.090028795,Zayats et al. 2015,1358,48
141,rs6559453,9:69311742,9:71926658,9:71116478,9:69156212,,European,,A,8.69E-05,0.61,0.47,0.78,0.133023603,Zayats et al. 2015,1358,48
153,rs6563507,13:37016830,13:37590967,13:36488967,13:36488967,,European,,T,4.67E-05,0.58,0.45,0.75,0.129479858,Zayats et al. 2015,1358,48
127,rs664330,4:28377173,4:28378795,4:27987893,4:28055064,,European,,G,6.90E-05,0.68,0.57,0.82,0.090028795,Zayats et al. 2015,1358,48
130,rs6869985,5:35305079,5:35305181,5:35340938,5:35340938,,European,,G,6.30E-05,1.73,1.32,2.26,0.138004935,Zayats et al. 2015,1358,48
142,rs7046956,9:111195254,9:113957534,9:112997355,9:111037089,,European,,C,7.98E-05,1.45,1.2,1.74,0.096552041,Zayats et al. 2015,1358,48
145,rs7111329,11:23799087,11:23820633,11:23777209,11:23777209,,European,,G,5.77E-05,1.87,1.38,2.55,0.155028026,Zayats et al. 2015,1358,48
143,rs7131034,11:12161489,11:12183036,11:12139612,11:12139612,,European,,A,9.50E-05,0.66,0.54,0.81,0.102383008,Zayats et al. 2015,1358,48
161,rs7201671,16:80362261,16:80396158,16:78953659,16:78953659,,European,,G,5.56E-05,1.47,1.22,1.77,0.09510793,Zayats et al. 2015,1358,48
137,rs727098,6:139590185,6:139911322,6:139953015,6:139953015,,European,,C,2.13E-05,1.5,1.24,1.8,0.097119249,Zayats et al. 2015,1358,48
147,rs7317288,13:33429880,13:34004017,13:32902017,13:32902017,,European,,T,9.64E-05,1.4,1.18,1.66,0.087223366,Zayats et al. 2015,1358,48
156,rs7324611,13:37539478,13:38113615,13:37011615,13:37011615,,European,,A,5.38E-05,0.7,0.59,0.83,0.087223366,Zayats et al. 2015,1358,48
120,rs7629060,3:146769681,3:146487468,3:147970158,3:147970166,,European,,C,2.23E-05,1.44,1.22,1.71,0.084587885,Zayats et al. 2015,1358,48
164,rs920351,18:1872420,18:1872421,18:1862421,18:1862421,,European,,A,3.43E-05,1.46,1.22,1.75,0.091625294,Zayats et al. 2015,1358,48
157,rs9315501,13:37540108,13:38114245,13:37012245,13:37012245,,European,,C,5.56E-05,0.7,0.59,0.83,0.087223366,Zayats et al. 2015,1358,48
136,rs9321730,6:139581633,6:139902770,6:139944463,6:139944463,,European,,A,9.20E-05,1.45,1.2,1.74,0.096552041,Zayats et al. 2015,1358,48
110,rs945453,1:216519327,1:216692669,1:214759292,1:213081064,,European,,A,4.97E-05,0.7,0.59,0.83,0.087223366,Zayats et al. 2015,1358,48
149,rs9547707,13:36967286,13:37541423,13:36439423,13:36439423,,European,,C,5.94E-05,0.59,0.45,0.76,0.138201507,Zayats et al. 2015,1358,48
151,rs9547715,13:37000577,13:37574714,13:36472714,13:36472714,,European,,G,4.67E-05,0.58,0.45,0.76,0.129479858,Zayats et al. 2015,1358,48
159,rs9550221,13:112823031,13:113477345,13:112525346,13:112525346,,European,,T,8.59E-05,1.43,1.2,1.71,0.089465759,Zayats et al. 2015,1358,48
122,rs9834616,3:146786467,3:146504254,3:147986944,3:147986952,,European,,A,6.25E-06,0.68,0.58,0.8,0.081155456,Zayats et al. 2015,1358,48
119,rs9836412,3:146767212,3:146484999,3:147967689,3:147967697,,European,,A,4.18E-06,0.67,0.57,0.8,0.082470077,Zayats et al. 2015,1358,48
162,rs9940469,16:80365023,16:80398920,16:78956421,16:78956421,,European,,A,3.34E-05,1.5,1.24,1.81,0.097119249,Zayats et al. 2015,1358,48
165,rs9949006,18:1916607,18:1916608,18:1906608,18:1906608,,European,,T,1.38E-06,1.52,1.28,1.8,0.087678703,Zayats et al. 2015,1358,48
128,rs9995833,4:57232083,4:58098249,4:57793006,4:57939177,,European,,G,9.06E-05,0.64,0.51,0.8,0.115845638,Zayats et al. 2015,1358,48
