id,snp,hg38,hg19,hg18,hg17,gene,ethnicity,raf,riskAllele,pValue,oddsRatio,lowerCI,upperCI,seLnOR,study,cohort,citations
1,rs11082762,18:23785889 ,18:21365853,18:19619851,18:19619851,LAMA3,European,0.36,A,7.26E-07,1.16,1.09,1.24,0.028568973,Ahmeti et al. 2012 (Joint),9355,59
2,rs12608932,19:17670071,19:17780880,19:17641880,19:17641880,UNC13A,European,0.34,C,1.29E-07,1.37,1.21,1.56,0.056295525,Ahmeti et al. 2012 (Joint),9355,59
3,rs1344642,2:218690539,2:219555262,2:219263506,2:219380767,STK36,European,0.43,A,2.30E-06,1.17,1.1,1.25,0.028325167,Ahmeti et al. 2012 (Joint),9355,59
4,rs1971791,15:70283799,15:70576138,15:68363192,15:68363192,,European,0.47,G,9.70E-07,1.26,1.14,1.4,0.045522033,Ahmeti et al. 2012 (Joint),9355,59
5,rs2006933,17:32922976,17:31249994,17:28274107,17:28274107,FLJ40504,European,0.25,G,1.15E-06,0.79,0.73,0.86,0.036314077,Ahmeti et al. 2012 (Joint),9355,59
6,rs2109262,17:16281315,17:16184629,17:16125354,17:16125354,PIGL,European,0.51,C,4.67E-07,0.78,0.71,0.87,0.045031073,Ahmeti et al. 2012 (Joint),9355,59
7,rs2303565,2:218107618,2:218972341,2:218680586,2:218797847,STK36,European,0.43,C,1.56E-06,1.17,1.1,1.24,0.026545408,Ahmeti et al. 2012 (Joint),9355,59
8,rs2453556,9:27586164,9:27586162,9:27576162,9:27576162,C9orf72,European,0.4,G,8.12E-07,1.16,1.09,1.24,0.028568973,Ahmeti et al. 2012 (Joint),9355,59
9,rs2814707,9:27536399,9:27536397,9:27526397,9:27526397,C9orf72|MOBKL2B,European,0.23,A,5.70E-07,1.21,1.11,1.33,0.040065644,Ahmeti et al. 2012 (Joint),9355,59
10,rs3849942,9:27553285,9:27553283,9:27543283,9:27543283,C9orf72|MOBKL2B,European,0.23,A,4.41E-07,1.21,1.11,1.33,0.040065644,Ahmeti et al. 2012 (Joint),9355,59
11,rs7477,17:16498663,17:16401977,17:16342702,17:16342702,CENPV,European,0.48,T,2.89E-07,1.3,1.16,1.44,0.047910461,Ahmeti et al. 2012 (Joint),9355,59
12,rs8056742,16:86468035,16:86501641,16:85059142,16:85059142,KIAA0513,European,0.11,C,4.91E-07,1.27,1.14,1.41,0.047099113,Ahmeti et al. 2012 (Joint),9355,59
13,rs11082762,18:23785889 ,18:21365853,18:19619851,18:19619851,LAMA3,European,0.36,A,1.78E-06,1.16,1.09,1.24,0.028568973,Ahmeti et al. 2012 (Meta),9355,59
14,rs12608932,19:17670071,19:17780880,19:17641880,19:17641880,UNC13A,European,0.34,C,4.96E-08,1.37,1.21,1.56,0.056295525,Ahmeti et al. 2012 (Meta),9355,59
15,rs1344642,2:218690539,2:219555262,2:219263506,2:219380767,STK36,European,0.43,A,9.92E-07,1.17,1.1,1.25,0.028325167,Ahmeti et al. 2012 (Meta),9355,59
16,rs1971791,15:70283799,15:70576138,15:68363192,15:68363192,,European,0.47,G,2.11E-06,1.26,1.14,1.4,0.045522033,Ahmeti et al. 2012 (Meta),9355,59
17,rs2006933,17:32922976,17:31249994,17:28274107,17:28274107,FLJ40504,European,0.25,G,8.60E-07,0.79,0.73,0.86,0.036314077,Ahmeti et al. 2012 (Meta),9355,59
18,rs2109262,17:16281315,17:16184629,17:16125354,17:16125354,PIGL,European,0.51,C,4.12E-07,0.78,0.71,0.87,0.045031073,Ahmeti et al. 2012 (Meta),9355,59
19,rs2303565,2:218107618,2:218972341,2:218680586,2:218797847,STK36,European,0.43,C,6.18E-07,1.17,1.1,1.24,0.026545408,Ahmeti et al. 2012 (Meta),9355,59
20,rs2453556,9:27586164,9:27586162,9:27576162,9:27576162,C9orf72,European,0.4,G,6.95E-07,1.16,1.09,1.24,0.028568973,Ahmeti et al. 2012 (Meta),9355,59
21,rs2814707,9:27536399,9:27536397,9:27526397,9:27526397,C9orf72|MOBKL2B,European,0.23,A,8.39E-07,1.21,1.11,1.33,0.040065644,Ahmeti et al. 2012 (Meta),9355,59
22,rs3849942,9:27553285,9:27553283,9:27543283,9:27543283,C9orf72|MOBKL2B,European,0.23,A,6.47E-07,1.21,1.11,1.33,0.040065644,Ahmeti et al. 2012 (Meta),9355,59
23,rs7477,17:16498663,17:16401977,17:16342702,17:16342702,CENPV,European,0.48,T,3.05E-07,1.3,1.16,1.44,0.047910461,Ahmeti et al. 2012 (Meta),9355,59
24,rs8056742,16:86468035,16:86501641,16:85059142,16:85059142,KIAA0513,European,0.11,C,2.94E-06,1.27,1.14,1.41,0.047099113,Ahmeti et al. 2012 (Meta),9355,59
25,rs10233425,7:19257345,7:19296968,7:19263493,7:19070208,7p21.1,European,0.01,C,7.46E-06,1.88,,,,Diekstra et al. 2014,19243,30
26,rs11248416,10:123156282,10:124915798,10:124905788,10:124905788,BUB3,European,0.11,G,3.64E-05,1.23,,,,Diekstra et al. 2014,19243,30
27,rs12608932,19:17641880,19:17752689,19:17613689,19:17613689,UNC13A,European,0.35,C,1.70E-08,1.18,,,,Diekstra et al. 2014,19243,30
28,rs12950017,17:6256334,17:6159654,17:6100378,17:6100378,17p13.2,European,0.24,C,1.47E-05,1.16,,,,Diekstra et al. 2014,19243,30
29,rs13268726,8:125000892,8:126013134,8:126082315,8:126082315,8q24.13,European,0.1,G,4.69E-06,0.8,,,,Diekstra et al. 2014,19243,30
30,rs16975170,16:85058969,16:85092575,16:83650076,16:83650076,KIAA0513,European,0.12,T,2.27E-04,1.17,,,,Diekstra et al. 2014,19243,30
31,rs3849943,9:27543384,9:27543382,9:27533382,9:27533382,9p21.2,European,0.24,C,5.48E-10,1.22,,,,Diekstra et al. 2014,19243,30
32,rs7477,17:16342702,17:16246016,17:16186741,17:16186741,CENPV,European,0.49,A,2.91E-07,1.16,,,,Diekstra et al. 2014,19243,30
33,rs7638688,3:138306779,3:138025621,3:139508311,3:139508319,TXNDC6,European,0.29,A,1.20E-06,0.85,,,,Diekstra et al. 2014,19243,30
34,rs9327807,5:138014789,5:137350478,5:137378377,5:137378377,FAM13B,European,0.18,C,1.24E-05,0.85,,,,Diekstra et al. 2014,19243,30
35,rs13048019,21:31545981,21:31840165,5:138014789:,5:138014789:,,European,0.169,T,2.58E-08,2.02,1.61,2.53,0.100150329,Laaksovirta et al. 2010,902,179
36,rs2225389,9:27409266,9:27399264,7:19257345:,7:19257345:,,European,0.089,C,2.88E-08,2.26,1.7,3,0.125853231,Laaksovirta et al. 2010,902,179
37,rs2814707,9:27536399,9:27526397,3:138306779:,3:138306779:,,European,0.163,A,1.18E-10,2.14,1.71,2.69,0.100385801,Laaksovirta et al. 2010,902,179
38,rs3849942,9:27543283,9:27533281,17:16342702:,17:16342702:,,European,0.163,A,9.11E-11,2.16,1.72,2.7,0.099915978,Laaksovirta et al. 2010,902,179
39,rs774359,9:27561051,9:27551049,16:85058969:,16:85058969:,,European,0.177,C,3.64E-09,1.98,1.58,2.47,0.098999932,Laaksovirta et al. 2010,902,179
40,rs10192369,2:160524377,2:161380888,2:161089134,2:161089134,RBMS1,European,0.473,T,8.53E-06,1.17,,,,Landers et al. 2009,4079,134
41,rs10438933,18:31693166,18:29273129,18:27527127,18:27527127,B4GALT6,European,0.124,G,1.18E-06,1.296,,,,Landers et al. 2009,4079,134
42,rs10503354,8:6095422,8:5952944,8:5940352,8:5940352,MCPH1,European,0.166,A,1.09E-05,0.773,,,,Landers et al. 2009,4079,134
43,rs16856202,1:232019405,1:232155151,1:230221774,1:230221774,DISC1,European,0.038,C,7.98E-06,0.499,,,,Landers et al. 2009,4079,134
44,rs873917,1:39667123,1:40132795,1:39905382,1:39905382,NT5C1A,European,0.285,T,8.37E-06,1.162,,,,Landers et al. 2009,4079,134
45,rs10260404,7:155284355,7:155076065,7:154706998,7:154513713,DPP6,European,0.35,C,5.40E-08,1.3,1.18,1.43,0.042578587,van Es MA et al. 2007,1458,167
46,rs74654358,12:64094407,12:64488187,12:62774454,12:62774454,,European,,A,6.60E-08,1.21,,,,van Rheenen W et al. 2016,36052,180
