id,snp,hg38,hg19,hg18,hg17,gene,ethnicity,alleleFrequency,riskAllele,pValue,oddsRatio,lowerCI,upperCI,seLnOR,study,cohort,citations
1,rs2310173,2:102047167,2:102663628,2:102030060,2:102122146,AC007271.1,European,0.45,A,5.00E-07,1.18,1.1,1.27,0.073319755,Reveille JD 2010,7193,433
2,rs10865331,2:62324337,2:62551472,2:62404976,2:62463123,RN7SL51P|AC093159.2,European,0.4,A,2.00E-19,1.27,1.18,1.37,0.076171582,Reveille JD 2010,7193,433
3,rs27434,5:96793809,5:96129512,5:96155268,5:96155268,ERAP1,European,0.23,A,5.00E-12,1.19,1.1,1.3,0.085231676,Reveille JD 2010,7193,433
4,rs1018326,2:181143073,2:182007800,2:181716045,2:181833306,LINC01934,European,0.45,C,2.00E-06,1.24,1.15,1.33,0.074192347,Reveille JD 2010,7193,433
5,rs1326986,10:19640584,10:19929513,10:19969519,10:19969519,MALRD1,European,0.05,C,4.00E-06,1.9,1.58,2.29,0.189350495,Reveille JD 2010,7193,433
6,rs4552569,5:83877774,5:83173593,5:83209349,5:83209349,EDIL3|AC093286.1,East Asian,0.28,C,9.00E-10,1.21,1.14,1.29,0.063068345,Lin Z 2011,6068,106
7,rs17095830,12:45381125,12:45774908,12:44061175,12:44061175,ANO6,East Asian,0.1,G,2.00E-08,1.29,1.18,1.41,0.090854728,Lin Z 2011,6068,106
8,rs2075726,22:36914004,22:37310046,22:35639992,22:35634546,CSF2RB,East Asian,0.45,G,9.00E-06,1.14,1.07,1.2,0.058501484,Lin Z 2011,6068,106
9,rs13210693,6:109277761,6:109598964,6:109705657,6:109705657,CCDC162P,East Asian,0.46,A,9.00E-07,1.15,1.09,1.22,0.057486307,Lin Z 2011,6068,106
10,rs2192752,2:102152913,2:102769373,2:102135805,2:102227891,IL1R1,European,0.222,C,4.00E-06,1.11,,,,Cortes A 2013,25764,393
11,rs11624293,14:88022477,14:88488821,14:87558574,14:87558574,LINC01147,East Asian|European,0.087,C,2.00E-10,1.2,,,,Cortes A 2013,25764,393
12,rs2910686,5:96916885,5:96252589,5:96278345,5:96278345,AC009126.1|ERAP2,European,0.44,C,5.00E-17,1.17,,,,Cortes A 2013,25764,393
13,rs2531875,17:27821141,17:26148167,17:23172294,17:23172294,AC005697.1,East Asian|European,0.367,G,1.00E-10,1.12,,,,Cortes A 2013,25764,393
14,rs7954567,12:6381959,12:6491125,12:6361386,12:6361386,LTBR,European,0.341,A,1.00E-07,1.11,,,,Cortes A 2013,25764,393
15,rs2297518,17:27769571,17:26096597,17:23120724,17:23120724,NOS2,European,0.19,A,6.00E-07,1.13,,,,Cortes A 2013,25764,393
16,rs6759298,2:62341310,2:62568445,2:62421949,2:62480096,RN7SL51P|AC093159.2,East Asian,0.374,C,2.00E-06,1.28,,,,Cortes A 2013,25764,393
17,rs6600247,1:24978623,1:25305114,1:25177701,1:25050420,MIR4425|AL445471.2,East Asian|European,0.501,C,3.00E-15,1.15,,,,Cortes A 2013,25764,393
18,rs11209026,1:67240275,1:67705958,1:67478546,1:67417979,IL23R,East Asian|European,0.934,G,2.00E-27,1.62,,,,Cortes A 2013,25764,393
19,rs41299637,1:200908722,1:200877850,1:199144473,1:197609507,INAVA,East Asian|European,0.715,T,2.00E-15,1.19,,,,Cortes A 2013,25764,393
20,rs6759298,2:62341310,2:62568445,2:62421949,2:62480096,RN7SL51P|AC093159.2,East Asian|European,0.378,C,5.00E-47,1.29,,,,Cortes A 2013,25764,393
21,rs12186979,5:40524758,5:40524860,5:40560617,5:40560617,TTC33,East Asian|European,0.498,G,4.00E-06,1.08,,,,Cortes A 2013,25764,393
22,rs30187,5:96788627,5:96124330,5:96150086,5:96150086,ERAP1,East Asian|European,0.338,T,4.00E-45,1.29,,,,Cortes A 2013,25764,393
23,rs6871626,5:159399784,5:158826792,5:158759370,5:158759370,AC008691.1,East Asian|European,0.337,A,3.00E-08,1.1,,,,Cortes A 2013,25764,393
24,rs1128905,9:136359387,9:139253839,9:138373660,9:136529676,GPSM1,East Asian|European,0.503,C,7.00E-09,1.1,,,,Cortes A 2013,25764,393
25,rs4129267,1:154453788,1:154426264,1:152692888,1:151239337,IL6R,East Asian|European,0.592,C,3.00E-13,1.14,,,,Cortes A 2013,25764,393
26,rs11209026,1:67240275,1:67705958,1:67478546,1:67417979,IL23R,European,0.934,G,6.00E-28,1.65,,,,Cortes A 2013,25764,393
27,rs12615545,2:181183725,2:182048452,2:181756697,2:181873958,LINC01934,East Asian|European,0.421,C,1.00E-09,1.12,,,,Cortes A 2013,25764,393
28,rs6759298,2:62341310,2:62568445,2:62421949,2:62480096,RN7SL51P|AC093159.2,European,0.378,C,4.00E-41,1.31,,,,Cortes A 2013,25764,393
29,rs12186979,5:40524758,5:40524860,5:40560617,5:40560617,TTC33,European,0.498,G,5.00E-06,1.09,,,,Cortes A 2013,25764,393
30,rs30187,5:96788627,5:96124330,5:96150086,5:96150086,ERAP1,European,0.338,T,1.00E-41,1.32,,,,Cortes A 2013,25764,393
31,rs6871626,5:159399784,5:158826792,5:158759370,5:158759370,AC008691.1,European,0.337,A,6.00E-08,1.12,,,,Cortes A 2013,25764,393
32,rs1128905,9:136359387,9:139253839,9:138373660,9:136529676,GPSM1,European,0.503,C,2.00E-09,1.12,,,,Cortes A 2013,25764,393
33,rs1860545,12:6337611,12:6446777,12:6317038,12:6317038,TNFRSF1A,European,0.605,C,8.00E-10,1.13,,,,Cortes A 2013,25764,393
34,rs9901869,17:47497840,17:45575206,17:42930205,17:42930205,NPEPPS|MRPL45P2,European,0.516,A,2.00E-12,1.15,,,,Cortes A 2013,25764,393
35,rs2836883,21:39094818,21:40466744,21:39388614,21:39388614,AF064858.1|RPL23AP12,European,0.734,G,2.00E-14,1.19,,,,Cortes A 2013,25764,393
36,rs11065898,12:111424771,12:111862575,12:110346958,12:110325295,SH2B3,East Asian|European,0.216,T,5.00E-08,1.11,,,,Cortes A 2013,25764,393
37,rs10045403,5:96812030,5:96147733,5:96173489,5:96173489,AC009126.1|ERAP1,European,0.73,A,6.00E-14,1.2,,,,Cortes A 2013,25764,393
38,rs6556416,5:159391737,5:158818745,5:158751323,5:158751323,AC008691.1,European,0.675,C,4.00E-06,1.11,,,,Cortes A 2013,25764,393
39,rs35164067,19:10414505,19:10525181,19:10386181,19:10386181,CDC37,East Asian|European,0.796,G,3.00E-10,1.14,,,,Cortes A 2013,25764,393
40,rs7282490,21:44195858,21:45615741,21:44440169,21:44440169,GATD3A,East Asian|European,0.39,G,6.00E-09,1.11,,,,Cortes A 2013,25764,393
41,rs12758027,1:210621464,1:210794808,1:208861431,1:207183203,HHAT,East Asian|European,0.453,C,4.00E-07,1.09,,,,Cortes A 2013,25764,393
42,rs4851529,2:102030838,2:102647300,2:102013732,2:102105818,IL1R2|AC007271.1,East Asian|European,0.609,G,1.00E-07,1.1,,,,Cortes A 2013,25764,393
43,rs13093489,3:27753416,3:27794907,3:27769911,3:27769911,LINC01980|EOMES,East Asian|European,0.334,A,9.00E-08,1.1,,,,Cortes A 2013,25764,393
44,rs11742270,5:35881341,5:35881443,5:35917200,5:35917200,AC112204.3|IL7R,East Asian|European,0.728,G,5.00E-07,1.11,,,,Cortes A 2013,25764,393
45,rs2402752,7:124799545,7:124439599,7:124226835,7:124033550,C7orf77|POT1,East Asian|European,0.706,T,5.00E-07,1.1,,,,Cortes A 2013,25764,393
46,rs2283790,22:21602364,22:21956653,22:20286653,22:20281207,UBE2L3,East Asian|European,0.196,G,8.00E-08,1.12,,,,Cortes A 2013,25764,393
47,rs1860545,12:6337611,12:6446777,12:6317038,12:6317038,TNFRSF1A,East Asian|European,0.605,C,3.00E-10,1.13,,,,Cortes A 2013,25764,393
48,rs9901869,17:47497840,17:45575206,17:42930205,17:42930205,NPEPPS|MRPL45P2,East Asian|European,0.516,A,6.00E-15,1.14,,,,Cortes A 2013,25764,393
49,rs2836883,21:39094818,21:40466744,21:39388614,21:39388614,AF064858.1|RPL23AP12,East Asian|European,0.734,G,7.00E-17,1.18,,,,Cortes A 2013,25764,393
50,rs6600247,1:24978623,1:25305114,1:25177701,1:25050420,MIR4425|AL445471.2,European,0.501,C,1.00E-14,1.16,,,,Cortes A 2013,25764,393
51,rs1801274,1:161509955,1:161479745,1:159746369,1:158292800,FCGR2A,East Asian|European,0.476,T,1.00E-09,1.11,,,,Cortes A 2013,25764,393
52,rs41299637,1:200908722,1:200877850,1:199144473,1:197609507,INAVA,European,0.715,T,7.00E-16,1.2,,,,Cortes A 2013,25764,393
53,rs4676410,2:240624322,2:241563739,2:241212412,2:241283729,GPR35,East Asian|European,0.209,T,1.00E-08,1.13,,,,Cortes A 2013,25764,393
54,rs17765610,6:89956054,6:90665773,6:90722494,6:90722494,BACH2,East Asian|European,0.118,G,5.00E-08,1.15,,,,Cortes A 2013,25764,393
55,rs1250550,10:79300560,10:81060317,10:80730323,10:80730323,ZMIZ1,East Asian|European,0.652,G,2.00E-09,1.11,,,,Cortes A 2013,25764,393
56,rs11190133,10:99518968,10:101278725,10:101268715,10:101268715,LINC01475|AL391684.1,East Asian|European,0.707,C,5.00E-14,1.15,,,,Cortes A 2013,25764,393
57,rs4129267,1:154453788,1:154426264,1:152692888,1:151239337,IL6R,European,0.592,C,2.00E-15,1.18,,,,Cortes A 2013,25764,393
58,rs1801274,1:161509955,1:161479745,1:159746369,1:158292800,FCGR2A,European,0.476,T,1.00E-09,1.12,,,,Cortes A 2013,25764,393
59,rs12615545,2:181183725,2:182048452,2:181756697,2:181873958,LINC01934,European,0.421,C,2.00E-07,1.11,,,,Cortes A 2013,25764,393
60,rs4676410,2:240624322,2:241563739,2:241212412,2:241283729,GPR35,European,0.209,T,2.00E-07,1.13,,,,Cortes A 2013,25764,393
61,rs17765610,6:89956054,6:90665773,6:90722494,6:90722494,BACH2,European,0.118,G,3.00E-08,1.17,,,,Cortes A 2013,25764,393
62,rs1250550,10:79300560,10:81060317,10:80730323,10:80730323,ZMIZ1,European,0.652,G,6.00E-07,1.11,,,,Cortes A 2013,25764,393
63,rs11190133,10:99518968,10:101278725,10:101268715,10:101268715,LINC01475|AL391684.1,European,0.707,C,2.00E-14,1.18,,,,Cortes A 2013,25764,393
64,rs11065898,12:111424771,12:111862575,12:110346958,12:110325295,SH2B3,European,0.216,T,2.00E-07,1.13,,,,Cortes A 2013,25764,393
65,rs11624293,14:88022477,14:88488821,14:87558574,14:87558574,LINC01147,European,0.087,C,2.00E-10,1.23,,,,Cortes A 2013,25764,393
66,rs2531875,17:27821141,17:26148167,17:23172294,17:23172294,AC005697.1,European,0.367,G,1.00E-08,1.12,,,,Cortes A 2013,25764,393
67,rs35164067,19:10414505,19:10525181,19:10386181,19:10386181,CDC37,European,0.796,G,7.00E-09,1.16,,,,Cortes A 2013,25764,393
68,rs7282490,21:44195858,21:45615741,21:44440169,21:44440169,GATD3A,European,0.39,G,1.00E-06,1.1,,,,Cortes A 2013,25764,393
69,rs12758027,1:210621464,1:210794808,1:208861431,1:207183203,HHAT,European,0.453,C,6.00E-06,1.09,,,,Cortes A 2013,25764,393
70,rs4851529,2:102030838,2:102647300,2:102013732,2:102105818,IL1R2|AC007271.1,European,0.609,G,1.00E-06,1.1,,,,Cortes A 2013,25764,393
71,rs13093489,3:27753416,3:27794907,3:27769911,3:27769911,LINC01980|EOMES,European,0.334,A,1.00E-07,1.12,,,,Cortes A 2013,25764,393
72,rs11742270,5:35881341,5:35881443,5:35917200,5:35917200,AC112204.3|IL7R,European,0.728,G,2.00E-06,1.11,,,,Cortes A 2013,25764,393
73,rs2402752,7:124799545,7:124439599,7:124226835,7:124033550,C7orf77|POT1,European,0.706,T,2.00E-06,1.11,,,,Cortes A 2013,25764,393
74,rs2283790,22:21602364,22:21956653,22:20286653,22:20281207,UBE2L3,European,0.196,G,1.00E-06,1.12,,,,Cortes A 2013,25764,393
75,rs12141575,1:67281753,1:67747436,1:67520024,1:67459457,AL389925.1|IL12RB2,European,0.33,A,9.00E-11,1.15,,,,Cortes A 2013,25764,393
76,rs10000518,4:11502867,4:11504491,4:11113589,4:11180760,AC025539.1|AC005699.1,Other|Greater Middle Eastern,,G,6.00E-06,2.0833335,2.08,2.08,0,Li Z 2019,3004,3
77,rs148783236,15:50492819,15:50785016,15:48572308,15:48572308,USP8,Other|Greater Middle Eastern,,A,1.00E-13,1.724138,1.72,1.72,0,Li Z 2019,3004,3
78,rs1013210,8:24259209,8:24116722,8:24172667,8:24172667,AC023202.1|ADAM28,Other|Greater Middle Eastern,,G,8.00E-08,1.5384616,1.54,1.54,0,Li Z 2019,3004,3
79,rs7874251,9:75888242,9:78503158,9:77692978,9:75732712,PCSK5|OTX2P1,Other|Greater Middle Eastern,,G,6.00E-06,1.5151515,1.52,1.52,0,Li Z 2019,3004,3
80,rs34939008,4:23344561,4:23346184,4:22955282,4:23022453,RFPL4AP3|AC092440.1,Other|Greater Middle Eastern,,G,7.00E-06,1.3513513,1.35,1.35,0,Li Z 2019,3004,3
81,rs6502398,17:14832175,17:14735492,17:14676217,17:14676217,LINC02096|AC005863.1,Other|Greater Middle Eastern,,C,5.00E-07,1.3157895,1.32,1.32,0,Li Z 2019,3004,3
82,rs7217335,17:27771755,17:26098781,17:23122908,17:23122908,NOS2,Other|Greater Middle Eastern,,A,1.00E-06,1.34,,,,Li Z 2019,3004,3
83,rs8036083,15:101227617,15:101767822,15:99585345,15:99585345,CHSY1,Other|Greater Middle Eastern,,G,7.00E-06,1.35,,,,Li Z 2019,3004,3
84,rs13001372,2:62341086,2:62568221,2:62421725,2:62479872,RN7SL51P|AC093159.2,Other|Greater Middle Eastern,,A,7.00E-09,1.36,,,,Li Z 2019,3004,3
85,rs4876208,8:2191959,,,,MYOM2|AC245519.1,Other|Greater Middle Eastern,,C,6.00E-06,1.37,,,,Li Z 2019,3004,3
86,rs27529,5:96790605,5:96126308,5:96152064,5:96152064,ERAP1,Other|Greater Middle Eastern,,A,1.00E-09,1.39,,,,Li Z 2019,3004,3
87,rs10280089,7:38667217,7:38706817,7:38673342,7:38480057,FAM183BP|KRT8P20,Other|Greater Middle Eastern,,A,1.00E-06,1.44,,,,Li Z 2019,3004,3
88,rs235316,21:44852190,21:46272105,21:45096533,21:45096533,PTTG1IP,Other|Greater Middle Eastern,,T,8.00E-06,1.44,,,,Li Z 2019,3004,3
89,rs2031610,10:88994730,10:90754487,10:90744467,10:90744467,FAS,Other|Greater Middle Eastern,,C,5.00E-06,1.49,,,,Li Z 2019,3004,3
90,rs7298011,12:25890592,12:26043525,12:25934792,12:25934792,AC019209.1|RASSF8-AS1,Other|Greater Middle Eastern,,A,4.00E-06,1.62,,,,Li Z 2019,3004,3
91,rs61752717,16:3243407,16:3293407,16:3233408,16:3233408,MEFV,Other|Greater Middle Eastern,,C,2.00E-12,4.76,,,,Li Z 2019,3004,3