id,snp,chromosome,hg38,hg19,hg18,hg17,riskAllele,pValue,oddsRatio,lowerCl,upperCl,gene,study,ethnicity,se[ln(OR)]
1,rs974819,11,104413901,104284629,103789839,103789839,T,2.00E-09,1.07,1.04,1.09,AP002989.1,Coronary Artery Disease (C4D) Genetics Consortium 2011,"European,South Asian",0.01450915067
2,rs4380028,15,80739355,81031696,78818751,78818751,C,4.00E-09,1.07,1.05,1.1,MORF4L1,Coronary Artery Disease (C4D) Genetics Consortium 2011,"European,South Asian",0.009626777706
3,rs2505083,10,29717258,30006187,30046193,30046193,C,4.00E-08,1.07,1.04,1.09,JCAD,Coronary Artery Disease (C4D) Genetics Consortium 2011,"European,South Asian",0.01450915067
4,rs10953541,7,108176419,107816864,107604100,107410815,C,3.00E-08,1.08,1.05,1.11,BCAP29,Coronary Artery Disease (C4D) Genetics Consortium 2011,"European,South Asian",0.01437289641
5,rs1412444,10,87493433,89253190,89243170,89243170,T,3.00E-13,1.09,1.07,1.12,LIPA,Coronary Artery Disease (C4D) Genetics Consortium 2011,"European,South Asian",0.009448493759
6,rs1332844,6,12780554,12780786,12888772,12888772,T,6.00E-08,1.11,1.07,1.15,PHACTR1,Coronary Artery Disease (C4D) Genetics Consortium 2011,"European,South Asian",0.01872518717
7,rs646776,1,108931763,109474385,109275908,109186427,T,6.00E-10,1.14,1.09,1.19,"PSRC1, CELSR2",Coronary Artery Disease (C4D) Genetics Consortium 2011,"European,South Asian",0.02288294192
8,rs4977574,9,22108576,22108575,22098575,22098575,G,2.00E-25,1.2,1.16,1.25,CDKN2B-AS1,Coronary Artery Disease (C4D) Genetics Consortium 2011,"European,South Asian",0.01729671004
9,rs3869109,6,31216419,31184196,31292175,31292175,G,1.00E-09,1.14,NULL,,"AL662844.1, HCG27",Davies RW 2012,European,
10,rs6905288,6,43791136,43758873,43866851,43866851,T,7.00E-08,1.23,NULL,,"AL157371.2, VEGFA",Davies RW 2012,European,
11,rs3853444,4,110812980,111734136,111953585,112091740,G,5.00E-06,7.69,2.7,20,"LINC01438, MIR297",Domarkienė I 2013,European,0.5340148013
12,rs12734338,1,202500595,202469723,200736346,199201380,G,3.00E-07,29,3.95,212.9,PPP1R12B,Domarkienė I 2013,European,1.017132781
13,rs3883013,15,84545426,85088657,82889661,82889661,G,3.00E-07,29,3.95,212.9,UBE2Q2P1,Domarkienė I 2013,European,1.017132781
14,rs2259816,12,122075495,122513401,120997784,NULL,T,5.00E-07,1.08,1.05,1.11,HNF1A,Erdmann J 2009,European,0.01437289641
15,rs9818870,3,137201748,136920590,138403280,138403288,T,7.00E-13,1.15,1.11,1.19,MRAS,Erdmann J 2009,European,0.01806220768
16,rs3739998,10,29698208,29987137,30027143,30027143,C,1.00E-11,1.15,1.11,1.2,JCAD,Erdmann J 2010,European,0.01806220768
17,rs886126,12,110803606,111241410,109725793,109704130,T,1.00E-06,1.14,1.08,1.2,CUX2,Lee JY 2013,East Asian,0.02758531697
18,rs9508025,13,27835789,28409926,27307926,27307926,C,6.00E-07,1.14,1.08,1.2,FLT1,Lee JY 2013,East Asian,0.02758531697
19,rs3782889,12,110475046,110912851,109397234,109375571,C,4.00E-14,1.26,1.19,1.34,MYL2,Lee JY 2013,East Asian,0.02916245604
20,rs11066015,12,111292401,111730205,110214588,110192925,A,5.00E-11,1.41,1.27,1.56,ACAD10,Lee JY 2013,East Asian,0.05335347139
21,rs9546711,13,85007995,85582130,84480131,84480131,A,2.00E-06,1.66,1.35,2.04,"AL445604.1, MTND4P1",Lettre G 2011,African American or Afro-Caribbean,0.1054658214
22,rs13232179,7,152095844,151792929,151423862,151230577,A,1.00E-06,1.67,1.36,2.06,"WDR86-AS1, AC005996.1",Lettre G 2011,African American or Afro-Caribbean,0.1047647585
23,rs7136259,12,90769503,91163280,89687411,89665748,T,6.00E-10,1.11,1.08,1.15,ATP2B1,Lu X 2012,East Asian,0.01397906846
24,rs12524865,6,133512705,133833843,133875536,133875536,C,2.00E-07,1.11,1.06,1.16,TARID,Lu X 2012,East Asian,0.02351587102
25,rs2123536,2,19682574,19882335,19745816,19803963,T,7.00E-11,1.12,1.08,1.16,"AC019055.1, CISD1P1",Lu X 2012,East Asian,0.0185549205
26,rs1842896,4,154449705,155370857,155590307,155728462,T,1.00E-11,1.14,1.1,1.19,"GUCY1A1, AC107208.1",Lu X 2012,East Asian,0.01822351153
27,rs9349379,6,12795507,12795739,12903725,12903725,G,2.00E-09,1.15,1.1,1.21,PHACTR1,Lu X 2012,East Asian,0.0226794707
28,rs9268402,6,32297821,32265598,32373576,32373576,G,3.00E-15,1.16,1.12,1.2,TSBP1-AS1,Lu X 2012,East Asian,0.0179037346
29,rs11066280,12,113457791,113895596,112379979,112358316,A,2.00E-11,1.19,1.13,1.25,HECTD4,Lu X 2012,East Asian,0.02639575224
30,rs10757274,9,22106057,22106056,22096056,22096056,G,8.00E-45,1.37,1.31,1.43,CDKN2B-AS1,Lu X 2012,East Asian,0.02284877685
31,rs17465637,1,226155751,226343452,224410075,222650187,C,1.00E-06,1.2,1.12,1.3,MIA3,Samani NJ 2007,European,0.03520044464
32,rs2943634,2,225513143,226377859,226086103,226203364,C,2.00E-07,1.21,1.13,1.3,"AC062015.1, MIR5702",Samani NJ 2007,European,0.03489935045
33,rs17228212,15,69086907,69379247,67166301,67166301,C,2.00E-07,1.21,1.13,1.3,SMAD3,Samani NJ 2007,European,0.03489935045
34,rs6922269,6,150518599,150839735,150881428,150931849,A,3.00E-08,1.23,1.15,1.33,MTHFD1L,Samani NJ 2007,European,0.03431236072
35,rs599839,1,109024880,109567502,109369025,109279544,A,4.00E-09,1.29,1.18,1.4,"PSRC1, CELSR2",Samani NJ 2007,European,0.04547335709
36,rs501120,10,44442965,44938413,44258419,44258419,T,9.00E-08,1.33,1.2,1.48,"AL137026.2, LINC00841",Samani NJ 2007,European,0.05247825788
37,rs1333049,9,22135505,22135504,22125504,22125504,C,3.00E-19,1.36,1.27,1.46,CDKN2B-AS1,Samani NJ 2007,European,0.03493255065
38,rs46522,17,48911235,46988597,44343596,44343596,T,2.00E-08,1.06,1.04,1.08,UBE2Z,Schunkert H 2011,European,0.009718466822
39,rs10933436,2,233133771,233998481,233706725,233823986,A,7.00E-06,1.06,1.04,1.09,INPP5D,Schunkert H 2011,European,0.009718466822
40,rs7651039,3,15606497,15648004,15623008,15623008,C,2.00E-06,1.06,1.04,1.09,BTD,Schunkert H 2011,European,0.009718466822
41,rs4937126,11,126412002,126281897,125787107,125787107,G,5.00E-06,1.06,1.04,1.09,ST3GAL4,Schunkert H 2011,European,0.009718466822
42,rs17609940,6,35067023,35034800,35142778,35142778,G,1.00E-08,1.07,1.05,1.1,ANKS1A,Schunkert H 2011,European,0.009626777706
43,rs4773144,13,110308365,110960712,109758713,109758713,G,4.00E-09,1.07,1.05,1.09,COL4A2,Schunkert H 2011,European,0.009626777706
44,rs2895811,14,99667605,100133942,99203695,99203695,C,1.00E-10,1.07,1.05,1.1,HHIPL1,Schunkert H 2011,European,0.009626777706
45,rs216172,17,2223210,2126504,2073254,2073254,C,1.00E-09,1.07,1.05,1.09,SMG6,Schunkert H 2011,European,0.009626777706
46,rs12936587,17,17640408,17543722,17484447,17484447,G,4.00E-10,1.07,1.05,1.09,"SMCR2, AC020558.3",Schunkert H 2011,European,0.009626777706
47,rs3184504,12,111446804,111884608,110368991,110347328,T,6.00E-06,1.07,1.04,1.1,"ATXN2, SH2B3",Schunkert H 2011,European,0.01450915067
48,rs1231206,17,2222311,2125605,2072355,2072355,A,9.00E-10,1.07,1.05,1.09,SMG6,Schunkert H 2011,European,0.009626777706
49,rs11206510,1,55030366,55496039,55268627,55208060,T,9.00E-08,1.08,1.05,1.11,"PCSK9, BSND",Schunkert H 2011,European,0.01437289641
50,rs12190287,6,133893387,134214525,134256218,134256218,C,1.00E-12,1.08,1.06,1.1,TCF21,Schunkert H 2011,European,0.009536802557
51,rs3825807,15,78796769,79089111,76876166,76876166,A,1.00E-12,1.08,1.06,1.1,ADAMTS7,Schunkert H 2011,European,0.009536802557
52,rs1746048,10,44280376,44775824,44095830,44095830,C,3.00E-10,1.09,1.07,1.13,"AL137026.1, AL137026.2",Schunkert H 2011,European,0.009448493759
53,rs11556924,7,130023656,129663496,129450732,129257447,C,9.00E-18,1.09,1.07,1.12,"ZC3HC1, AC073320.1",Schunkert H 2011,European,0.009448493759
54,rs579459,9,133278724,136154168,135143989,133183722,C,4.00E-14,1.1,1.07,1.13,"RF00019, ABO",Schunkert H 2011,European,0.01410792415
55,rs12526453,6,12927312,12927544,13035530,13035530,C,1.00E-09,1.1,1.06,1.13,PHACTR1,Schunkert H 2011,European,0.018898608
56,rs7808424,7,117427768,117067822,116855058,116661773,G,1.00E-06,1.1,1.06,1.14,ASZ1,Schunkert H 2011,European,0.018898608
57,rs599839,1,109279544,109822166,109623689,109534208,A,3.00E-10,1.11,1.08,1.15,"PSRC1, CELSR2",Schunkert H 2011,European,0.01397906846
58,rs12413409,10,102959339,104719096,104709086,104709086,G,1.00E-09,1.12,1.08,1.16,CNNM2,Schunkert H 2011,European,0.0185549205
59,rs2306374,3,138401110,138119952,139602642,139602650,C,3.00E-08,1.12,1.07,1.16,MRAS,Schunkert H 2011,European,0.0233010392
60,rs964184,11,116778201,116648917,116154127,116154127,G,1.00E-17,1.13,1.1,1.16,ZPR1,Schunkert H 2011,European,0.01372829231
61,rs17465637,1,222650187,222823529,220890152,219211924,C,1.00E-08,1.14,1.09,1.2,MIA3,Schunkert H 2011,European,0.02288294192
62,rs6725887,2,202881162,203745885,203454130,203571391,C,1.00E-09,1.14,1.09,1.19,WDR12,Schunkert H 2011,European,0.02288294192
63,rs1122608,19,11052925,11163601,11024601,11024601,G,1.00E-09,1.14,1.09,1.18,SMARCA4,Schunkert H 2011,European,0.02288294192
64,rs17114036,1,56497149,56962821,56735409,56674842,A,4.00E-19,1.17,1.13,1.22,"PLPP3, AC119674.2",Schunkert H 2011,European,0.01774801841
65,rs9982601,21,34226827,35599128,34520998,34520998,T,4.00E-10,1.18,1.12,1.24,"AP000317.1, AP000317.2",Schunkert H 2011,European,0.02662538427
66,rs4977574,9,22098575,22098574,22088574,22088574,G,1.00E-22,1.29,1.23,1.36,CDKN2B-AS1,Schunkert H 2011,European,0.02430002499
67,rs3798220,6,160540105,160961137,160881127,160931548,C,3.00E-11,1.51,1.33,1.7,LPA,Schunkert H 2011,European,0.06476056561
68,rs944797,9,22125288,22125287,22115287,22115287,C,6.00E-16,1.25,1.18,1.31,CDKN2B-AS1,Takeuchi F 2011,East Asian,0.02940260859
69,rs11752643,6,32625841,32593618,32701596,32701596,T,5.00E-07,1.26,1.15,1.38,"MTCO3P1, HLA-DQB1",Takeuchi F 2011,East Asian,0.04660702989
70,rs671,12,112881774,113319579,111803962,111782299,A,2.00E-34,1.43,1.35,1.51,ALDH2,Takeuchi F 2011,East Asian,0.02937237338
71,rs688034,22,27573154,27969115,26299115,26293669,T,4.00E-06,1.11,0.99,1.25,SEZ6L,Wellcome Trust Case Control Consortium 2007,European,0.05837262815
72,rs17672135,1,243792953,243956255,242022878,240282296,T,2.00E-06,1.43,1.23,1.64,FMN2,Wellcome Trust Case Control Consortium 2007,European,0.07686748719
73,rs1333049,9,22135505,22135504,22125504,22125504,C,1.00E-13,1.47,1.27,1.7,CDKN2B-AS1,Wellcome Trust Case Control Consortium 2007,European,0.07461505118
74,rs8055236,16,84587686,84621292,83178793,83178793,G,6.00E-06,1.91,1.33,2.74,CDH13,Wellcome Trust Case Control Consortium 2007,European,0.184655255
75,rs1412444,10,89243170,91002927,90992907,90992907,T,4.00E-08,1.1,1.07,1.14,LIPA,Wild PS 2011,European,0.01410792415
76,rs365302,6,159225301,159646333,159566321,159616742,C,8.00E-07,1.11,1.06,1.15,FNDC1,Wild PS 2011,European,0.02351587102
77,rs16893526,6,81805598,82515315,82572034,82572034,G,5.00E-06,1.13,1.07,1.21,"LINC01526, AL078599.1",Wild PS 2011,European,0.02783621645
78,rs7865618,9,22031006,22031005,22021005,22021005,A,2.00E-27,1.18,1.14,1.21,"AL359922.1, CDKN2B-AS1",Wild PS 2011,European,0.01759498779
79,rs1333049,9,22125504,22125503,22115503,22115503,C,7.00E-58,1.27,1.23,1.31,CDKN2B-AS1,Wild PS 2011,European,0.01632792402